Aaser, P., Knudsen, M., Ramstad, O. H., van de Wijdeven, R., Nichele, S., Sandvig, I., et al. | 2017 | “Towards making a cyborg: a closed-loop reservoir-neuro system,” in ECAL 2017: The 14th European Conference on Artificial Life (Lyon: MIT Press), 430–437. | Google Scholar
Abraham, W. C., Jones, O. D., and Glanzman, D. L. | 2019 | Is plasticity of synapses the mechanism of long-term memory storage? NPJ Sci. Learn. 4:9. | doi: 10.1038/s41539-019-0048-y | PubMed Abstract | CrossRef Full Text | Google Scholar
Adams, D. S., Lemire, J. M., Kramer, R. H., and Levin, M. | 2014 | Optogenetics in developmental biology: using light to control ion flux-dependent signals in Xenopus embryos. Int. J. Dev. Biol. 58, 851–861. | doi: 10.1387/ijdb.140207ml | PubMed Abstract | CrossRef Full Text | Google Scholar
Adams, D. S., Masi, A., and Levin, M. H. | 2007 | H+ pump-dependent changes in membrane voltage are an early mechanism necessary and sufficient to induce Xenopus tail regeneration. Development 134, 1323–1335. | doi: 10.1242/dev.02812 | PubMed Abstract | CrossRef Full Text | Google Scholar
Adams, D. S., Tseng, A. S., and Levin, M. | 2013 | Light-activation of the Archaerhodopsin H(+)-pump reverses age-dependent loss of vertebrate regeneration: sparking system-level controls in vivo. Biol. Open 2, 306–313. | doi: 10.1242/bio.20133665 | PubMed Abstract | CrossRef Full Text | Google Scholar
Adams, D. S., Uzel, S. G., Akagi, J., Wlodkowic, D., Andreeva, V., Yelick, P. C., et al. | 2016 | Bioelectric signalling via potassium channels: a mechanism for craniofacial dysmorphogenesis in KCNJ2-associated Andersen-Tawil Syndrome. J. Physiol. 594, 3245–3270. | doi: 10.1113/JP271930 | PubMed Abstract | CrossRef Full Text | Google Scholar
Alloway, T. M. | 1972 | Retention of learning through metamorphosis in grain beetle (Tenebrio-Molitor). Am. Zool. 12, 471–472. | Google Scholar
Ameriks, K. | 1976 | Personal identity and memory transfer. Southern J. Phil. 14, 385–391. | doi: 10.1111/j.2041-6962.1976.tb01295.x | CrossRef Full Text | Google Scholar
Anderson, M. J., Sullivan, J. G., Horiuchi, T., Fuller, S. B., and Daniel, T. L. | 2020 | A bio-hybrid odor-guided autonomous palm-sized air vehicle. Bioinspir. Biomim. 16:026002. | doi: 10.1088/1748-3190/abbd81 | PubMed Abstract | CrossRef Full Text | Google Scholar
Ando, N., and Kanzaki, R. | 2020 | Insect-machine hybrid robot. Curr. Opin. Insect. Sci. 42, 61–69. | doi: 10.1016/j.cois.2020.09.006 | PubMed Abstract | CrossRef Full Text | Google Scholar
Ariazi, J., Benowitz, A., De Biasi, V., Den Boer, M. L., Cherqui, S., Cui, H., et al. | 2017 | Tunneling nanotubes and gap junctions-their role in long-range intercellular communication during development, health, and disease conditions. Front. Mol. Neurosci. 10:333. | doi: 10.3389/fnmol.2017.00333 | PubMed Abstract | CrossRef Full Text | Google Scholar
Armstrong, J. D., de Belle, J. S., Wang, Z., and Kaiser, K. | 1998 | Metamorphosis of the mushroom bodies; large-scale rearrangements of the neural substrates for associative learning and memory in Drosophila. Learn. Mem. 5, 102–114. | PubMed Abstract | Google Scholar
Auletta, G. | 2011 | Teleonomy: the feedback circuit involving information and thermodynamic processes. J. Mod. Phys. 2, 136–145. | doi: 10.4236/jmp.2011.23021 | CrossRef Full Text | Google Scholar
Bach-y-Rita, P. | 1981 | Brain plasticity as a basis of the development of rehabilitation procedures for hemiplegia. Scand. J. Rehabil. Med. 13, 73–83. | PubMed Abstract | Google Scholar
Bach-y-Rita, P., Collins, C. C., Saunders, F. A., White, B., and Scadden, L. | 1969 | Vision substitution by tactile image projection. Nature 221, 963–964. | doi: 10.1038/221963a0 | PubMed Abstract | CrossRef Full Text | Google Scholar
Badcock, P. B., Friston, K. J., and Ramstead, M. J. D. | 2019 | The hierarchically mechanistic mind: a free-energy formulation of the human psyche. Phys. Life Rev. 31:104–121. | doi: 10.1016/j.plrev.2018.10.002 | PubMed Abstract | CrossRef Full Text | Google Scholar
Bakkum, D. J., Gamblen, P. M., Ben-Ary, G., Chao, Z. C., and Potter, S. M. | 2007b | MEART: the semi-living artist. Front. Neurorobot. 1:5. | doi: 10.3389/neuro.12.005.2007 | PubMed Abstract | CrossRef Full Text | Google Scholar
Bakkum, D. J., Chao, Z. C., Gamblen, P., Ben-Ary, G., Shkolnik, A. G., DeMarse, T. B., et al. | 2007a | “Embodying cultured networks with a robotic drawing arm,” in Proceedings of the Annual International Conference of the IEEE Engineering in Medicine and Biology Society, Vol. 2007, (Lyon), 2996–2999. | doi: 10.1109/IEMBS.2007.4352959. | PubMed Abstract | CrossRef Full Text | Google Scholar
Balazsi, G., van Oudenaarden, A., and Collins, J. J. | 2011 | Cellular decision making and biological noise: from microbes to mammals. Cell 144, 910–925. | doi: 10.1016/j.cell.2011.01.030 | PubMed Abstract | CrossRef Full Text | Google Scholar
Baluška, F., and Levin, M. | 2016 | On having no head: cognition throughout biological systems. Front. Psychol. 7:902. | doi: 10.3389/fpsyg.2016.00902 | PubMed Abstract | CrossRef Full Text | Google Scholar
Baluska, F., and Mancuso, S. | 2012 | Ion channels in plants: from bioelectricity, via signaling, to behavioral actions. Plant Signal. Behav. 8:e23009. | doi: 10.4161/psb.23009 | PubMed Abstract | CrossRef Full Text | Google Scholar
Baluska, F., and Reber, A. | 2019 | Sentience and consciousness in single cells: how the first minds emerged in unicellular species. BioEssays 41:e1800229. | doi: 10.1002/bies.201800229 | PubMed Abstract | CrossRef Full Text | Google Scholar
Baluska, F., Miller, W. B. Jr., and Reber, A. S. | 2021 | Biomolecular basis of cellular consciousness via subcellular nanobrains. Int. J. Mol. Sci. 22:2545. | doi: 10.3390/ijms22052545 | PubMed Abstract | CrossRef Full Text | Google Scholar
Baluska, F., Yokawa, K., Mancuso, S., and Baverstock, K. | 2016 | Understanding of anesthesia - Why consciousness is essential for life and not based on genes. Commun. Integr. Biol. 9:e1238118. | doi: 10.1080/19420889.2016.1238118 | PubMed Abstract | CrossRef Full Text | Google Scholar
Barilan, Y. M. | 2003 | One or two: an examination of the recent case of the conjoined twins from Malta. J. Med. Philos. 28, 27–44. | doi: 10.1076/jmep.28.1.27.14176 | PubMed Abstract | CrossRef Full Text | Google Scholar
Bates, E. | 2015 | Ion channels in development and cancer. Annu. Rev. Cell Dev. Biol. 31, 231–247. | doi: 10.1146/annurev-cellbio-100814-125338 | PubMed Abstract | CrossRef Full Text | Google Scholar
Batterman, R. | 2015 | “Autonomy and scales,” in Front Collection, eds B. Falkenburg and M. Morrison (Berlin: Springer), 115–135. | doi: 10.1007/978-3-662-43911-1_7 | CrossRef Full Text | Google Scholar
Batterman, R. W., and Rice, C. C. | 2014 | Minimal model explanations. Philos. Sci. 81, 349–376. | doi: 10.1086/676677 | CrossRef Full Text | Google Scholar
Bayne, T., Brainard, D., Byrne, R. W., Chittka, L., Clayton, N., Heyes, C., et al. | 2019 | What is cognition? Curr. Biol. 29, R608–R615. | doi: 10.1016/j.cub.2019.05.044 | PubMed Abstract | CrossRef Full Text | Google Scholar
Bedecarrats, A., Chen, S., Pearce, K., Cai, D., and Glanzman, D. L. | 2018 | RNA from trained aplysia can induce an epigenetic engram for long-term sensitization in untrained aplysia. eNeuro 5:ENEURO.0038-18.2018. | doi: 10.1523/ENEURO.0038-18.2018 | PubMed Abstract | CrossRef Full Text | Google Scholar
Beekman, M., and Latty, T. | 2015 | Brainless but multi-headed: decision making by the acellular slime mould Physarum polycephalum. J. Mol. Biol. 427, 3734–3743. | doi: 10.1016/j.jmb.2015.07.007 | PubMed Abstract | CrossRef Full Text | Google Scholar
Beer, R. D. | 2014 | The cognitive domain of a glider in the game of life. Artif. Life 20, 183–206. | doi: 10.1162/ARTL_a_00125 | CrossRef Full Text | Google Scholar
Beer, R. D. | 2015 | Characterizing autopoiesis in the game of life. Artif. Life 21, 1–19. | doi: 10.1162/ARTL_a_00143 | CrossRef Full Text | Google Scholar
Beer, R. D., and Williams, P. L. | 2015 | Information processing and dynamics in minimally cognitive agents. Cogn. Sci. 39, 1–38. | doi: 10.1111/cogs.12142 | PubMed Abstract | CrossRef Full Text | Google Scholar
Beggs, J. M. | 2008 | The criticality hypothesis: how local cortical networks might optimize information processing. Philos. Trans. A Math. Phys. Eng. Sci. 366, 329–343. | doi: 10.1098/rsta.2007.2092 | PubMed Abstract | CrossRef Full Text | Google Scholar
Belwafi, K., Gannouni, S., and Aboalsamh, H. | 2021 | Embedded brain computer interface: state-of-the-art in research. Sensors 21:4293. | doi: 10.3390/s21134293 | PubMed Abstract | CrossRef Full Text | Google Scholar
Berdahl, A. M., Kao, A. B., Flack, A., Westley, P. A. H., Codling, E. A., Couzin, I. D., et al. | 2018 | Collective animal navigation and migratory culture: from theoretical models to empirical evidence. Philos. Transac. R. Soc. B Biol. Sci. 373:20170009. | doi: 10.1098/rstb.2017.0009 | PubMed Abstract | CrossRef Full Text | Google Scholar
Birch, J., Ginsburg, S., and Jablonka, E. | 2020 | Unlimited associative learning and the origins of consciousness: a primer and some predictions. Biol. Philos. 35:56. | doi: 10.1007/s10539-020-09772-0 | PubMed Abstract | CrossRef Full Text | Google Scholar
Bisping, R., Oehlert, U., Reinauer, H., and Longo, N. | 1971 | Negative and positive memory transfer through RNA in instrumentally conditioned goldfish. Stud. Psychol. 13, 181–190. | Google Scholar
Biswas, S., Manicka, S., Hoel, E., and Levin, M. | 2021 | Gene regulatory networks exhibit several kinds of memory: quantification of memory in biological and random transcriptional networks. iScience 24:102131. | doi: 10.1016/j.isci.2021.102131 | PubMed Abstract | CrossRef Full Text | Google Scholar
Blackiston, D. J., and Levin, M. | 2013 | Ectopic eyes outside the head in Xenopus tadpoles provide sensory data for light-mediated learning. J. Exp. Biol. 216(Pt. 6), 1031–1040. | doi: 10.1242/jeb.074963 | PubMed Abstract | CrossRef Full Text | Google Scholar
Blackiston, D. J., Silva Casey, E., and Weiss, M. R. | 2008 | Retention of memory through metamorphosis: can a moth remember what it learned as a caterpillar? PLoS One 3:e1736. | doi: 10.1371/journal.pone.0001736 | PubMed Abstract | CrossRef Full Text | Google Scholar
Blackiston, D. J., Vien, K., and Levin, M. | 2017 | Serotonergic stimulation induces nerve growth and promotes visual learning via posterior eye grafts in a vertebrate model of induced sensory plasticity. NPJ Regen. Med. 2:8. | doi: 10.1038/s41536-017-0012-5 | PubMed Abstract | CrossRef Full Text | Google Scholar
Blackiston, D., Adams, D. S., Lemire, J. M., Lobikin, M., and Levin, M. | 2011 | Transmembrane potential of GlyCl-expressing instructor cells induces a neoplastic-like conversion of melanocytes via a serotonergic pathway. Dis. Models Mech. 4, 67–85. | doi: 10.1242/dmm.005561 | PubMed Abstract | CrossRef Full Text | Google Scholar
Blackiston, D., Lederer, E. K., Kriegman, S., Garnier, S., Bongard, J., and Levin, M. | 2021 | A cellular platform for the development of synthetic living machines. Sci. Robot 6:eabf1571. | doi: 10.1126/scirobotics.abf1571 | PubMed Abstract | CrossRef Full Text | Google Scholar
Blackiston, D., Shomrat, T., and Levin, M. | 2015 | The stability of memories during brain remodeling: a perspective. Commun. Integr. Biol. 8:e1073424. | doi: 10.1080/19420889.2015.1073424 | PubMed Abstract | CrossRef Full Text | Google Scholar
Bongard, J., and Levin, M. | 2021 | Living things are not (20th Century) machines: updating mechanism metaphors in light of the modern science of machine behavior. Front. Ecol. Evol. 9:650726. | doi: 10.3389/fevo.2021.650726 | CrossRef Full Text | Google Scholar
Bongard, J., Zykov, V., and Lipson, H. | 2006 | Resilient machines through continuous self-modeling. Science 314, 1118–1121. | doi: 10.1126/science.1133687 | PubMed Abstract | CrossRef Full Text | Google Scholar
Bonzanni, M., Rouleau, N., Levin, M., and Kaplan, D. L. | 2020 | Optogenetically induced cellular habituation in non-neuronal cells. PLoS One 15:e0227230. | doi: 10.1371/journal.pone.0227230 | PubMed Abstract | CrossRef Full Text | Google Scholar
Bostrom, N. | 2015 | Superintelligence: Paths, Dangers, Strategies. Oxford: Oxford University Press. | Google Scholar
Boussard, A., Delescluse, J., Perez-Escudero, A., and Dussutour, A. | 2019 | Memory inception and preservation in slime moulds: the quest for a common mechanism. Philos. Trans. R. Soc. Lond. B Biol. Sci. 374:20180368. | doi: 10.1098/rstb.2018.0368 | PubMed Abstract | CrossRef Full Text | Google Scholar
Boyle, E. A., Li, Y. I., and Pritchard, J. K. | 2017 | An expanded view of complex traits: from polygenic to omnigenic. Cell 169, 1177–1186. | doi: 10.1016/j.cell.2017.05.038 | PubMed Abstract | CrossRef Full Text | Google Scholar
Brooks, R. A. | 1986 | A robust layer control system for a mobile robot. IEEE J. Robot. Automation 2, 14–23. | Google Scholar
Brugger, P., Macas, E., and Ihlemann, J. | 2002 | Do sperm cells remember? Behav. Brain Res. 136, 325–328. | doi: 10.1016/s0166-4328(02)00127-4 | PubMed Abstract | CrossRef Full Text | Google Scholar
Bubenik, A. | 1966 | Das Geweih. Hamburg: Paul Parey Verlag. | Google Scholar
Bubenik, A. B., and Pavlansky, R. | 1965 | Trophic responses to trauma in growing antlers. J. Exp. Zool. 159, 289–302. | doi: 10.1002/jez.1401590302 | PubMed Abstract | CrossRef Full Text | Google Scholar
Bucher, D., and Anderson, P. A. V. | 2015 | Evolution of the first nervous systems – what can we surmise? J. Exp. Biol. 218, 501–503. | doi: 10.1242/jeb.111799 | CrossRef Full Text | Google Scholar
Busse, S. M., McMillen, P. T., and Levin, M. | 2018 | Cross-limb communication during Xenopus hindlimb regenerative response: non-local bioelectric injury signals. Development 145:dev164210. | doi: 10.1242/dev.164210 | PubMed Abstract | CrossRef Full Text | Google Scholar
Buznikov, G. A., Peterson, R. E., Nikitina, L. A., Bezuglov, V. V., and Lauder, J. M. | 2005 | The pre-nervous serotonergic system of developing sea urchin embryos and larvae: pharmacologic and immunocytochemical evidence. Neurochem. Res. 30, 825–837. | doi: 10.1007/s11064-005-6876-6 | PubMed Abstract | CrossRef Full Text | Google Scholar
Calvo, P., and Friston, K. | 2017 | Predicting green: really radical (plant) predictive processing. J. R. Soc. Interface 14:20170096. | doi: 10.1098/rsif.2017.0096 | PubMed Abstract | CrossRef Full Text | Google Scholar
Camley, B. A. | 2018 | Collective gradient sensing and chemotaxis: modeling and recent developments. J. Phys. Condens. Matter 30:223001. | doi: 10.1088/1361-648X/aabd9f | PubMed Abstract | CrossRef Full Text | Google Scholar
Cartmill, M. | 2017 | Convergent? Minds? Some questions about mental evolution. Interface Focus 7:20160125. | doi: 10.1098/rsfs.2016.0125 | PubMed Abstract | CrossRef Full Text | Google Scholar
Cebrià, F., Adell, T., and Saló, E. | 2018 | Rebuilding a planarian: from early signaling to final shape. Int. J. Dev. Biol. 62, 537–550. | doi: 10.1387/ijdb.180042es | PubMed Abstract | CrossRef Full Text | Google Scholar
Cervera, J., Levin, M., and Mafe, S. | 2020a | Bioelectrical coupling of single-cell states in multicellular systems. J. Phys. Chem. Lett. 3234–3241. | doi: 10.1021/acs.jpclett.0c00641 | PubMed Abstract | CrossRef Full Text | Google Scholar
Cervera, J., Meseguer, S., Levin, M., and Mafe, S. | 2020b | Bioelectrical model of head-tail patterning based on cell ion channels and intercellular gap junctions. Bioelectrochemistry 132:107410. | doi: 10.1016/j.bioelechem.2019.107410 | PubMed Abstract | CrossRef Full Text | Google Scholar
Cervera, J., Pai, V. P., Levin, M., and Mafe, S. | 2019b | From non-excitable single-cell to multicellular bioelectrical states supported by ion channels and gap junction proteins: Electrical potentials as distributed controllers. Prog. Biophys. Mol. Biol. 149, 39–53. | doi: 10.1016/j.pbiomolbio.2019.06.004 | PubMed Abstract | CrossRef Full Text | Google Scholar
Cervera, J., Manzanares, J. A., Mafe, S., and Levin, M. | 2019a | Synchronization of bioelectric oscillations in networks of nonexcitable cells: from single-cell to multicellular states. J. Phys. Chem. B 123, 3924–3934. | doi: 10.1021/acs.jpcb.9b01717 | PubMed Abstract | CrossRef Full Text | Google Scholar
Cervera, J., Pietak, A., Levin, M., and Mafe, S. | 2018 | Bioelectrical coupling in multicellular domains regulated by gap junctions: a conceptual approach. Bioelectrochemistry 123, 45–61. | doi: 10.1016/j.bioelechem.2018.04.013 | PubMed Abstract | CrossRef Full Text | Google Scholar
Chalmers, D. | 1996 | The Conscious Mind. New York, NY: Oxford University Press. | Google Scholar
Chalmers, D. | 2013 | Panpsychism and panprotopsychism. Amherst Lecture Philosophy 8. | Google Scholar
Chamola, V., Vineet, A., Nayyar, A., and Hossain, E. | 2020 | Brain-computer interface-based humanoid control: a review. Sensors 20:3620. | doi: 10.3390/s20133620 | PubMed Abstract | CrossRef Full Text | Google Scholar
Chao, Z. C., Bakkum, D. J., and Potter, S. M. | 2008 | Shaping embodied neural networks for adaptive goal-directed behavior. PLoS Comput. Biol. 4:e1000042. | doi: 10.1371/journal.pcbi.1000042 | PubMed Abstract | CrossRef Full Text | Google Scholar
Chen, S., Cai, D., Pearce, K., Sun, P. Y., Roberts, A. C., and Glanzman, D. L. | 2014 | Reinstatement of long-term memory following erasure of its behavioral and synaptic expression in Aplysia. Elife 3:e03896. | doi: 10.7554/eLife.03896 | PubMed Abstract | CrossRef Full Text | Google Scholar
Chernet, B. T., Adams, D. S., Lobikin, M., and Levin, M. | 2016 | Use of genetically encoded, light-gated ion translocators to control tumorigenesis. Oncotarget 7, 19575–19588. | doi: 10.18632/oncotarget.8036 | PubMed Abstract | CrossRef Full Text | Google Scholar
Chernet, B. T., and Levin, M. | 2013a | Endogenous voltage potentials and the microenvironment: bioelectric signals that reveal, induce and normalize cancer. J. Clin. Exp. Oncol. Suppl. 1, S1-002. | doi: 10.4172/2324-9110.S1-002 | PubMed Abstract | CrossRef Full Text | Google Scholar
Chernet, B. T., and Levin, M. | 2013b | Transmembrane voltage potential is an essential cellular parameter for the detection and control of tumor development in a Xenopus model. Dis. Models Mech. 6, 595–607. | doi: 10.1242/dmm.010835 | PubMed Abstract | CrossRef Full Text | Google Scholar
Chernet, B. T., and Levin, M. | 2014 | Transmembrane voltage potential of somatic cells controls oncogene-mediated tumorigenesis at long-range. Oncotarget 5, 3287–3306. | doi: 10.18632/oncotarget.1935 | PubMed Abstract | CrossRef Full Text | Google Scholar
Chiu, L., and Gilbert, S. F. | 2015 | The birth of the holobiont: multi-species birthing through mutual scaffolding and niche construction. Biosemiotics 8, 191–210. | doi: 10.1007/s12304-015-9232-5 | CrossRef Full Text | Google Scholar
Chow, R. L., Altmann, C. R., Lang, R. A., and Hemmati-Brivanlou, A. | 1999 | Pax6 induces ectopic eyes in a vertebrate. Dev. Suppl. 126, 4213–4222. | doi: 10.1242/dev.126.19.4213 | PubMed Abstract | CrossRef Full Text | Google Scholar
Clark, A., and Chalmers, D. | 1998 | The extended mind. Analysis 58, 7–19. | Google Scholar
Cohen-Karni, T., Langer, R., and Kohane, D. S. | 2012 | The smartest materials: the future of nanoelectronics in medicine. ACS Nano 6, 6541–6545. | doi: 10.1021/nn302915s | PubMed Abstract | CrossRef Full Text | Google Scholar
Cook, N. D., Carvalho, G. B., and Damasio, A. | 2014 | From membrane excitability to metazoan psychology. Trends Neurosci. 37, 698–705. | doi: 10.1016/j.tins.2014.07.011 | PubMed Abstract | CrossRef Full Text | Google Scholar
Corning, W. C. | 1966 | Retention of a position discrimination after regeneration in planarians. Psychanom. Sci. 5, 17–18. | Google Scholar
Corning, W. C. | 1967 | Regeneration and Retention of Acquired Information. Washington, DC: NASA.. | PubMed Abstract | Google Scholar
Couzin, I. | 2007 | Collective minds. Nature 445:715. | doi: 10.1038/445715a | PubMed Abstract | CrossRef Full Text | Google Scholar
Couzin, I. D. | 2009 | Collective cognition in animal groups. Trends Cogn. Sci. 13, 36–43. | doi: 10.1016/j.tics.2008.10.002 | PubMed Abstract | CrossRef Full Text | Google Scholar
Couzin, I. D., Krause, J., James, R., Ruxton, G. D., and Franks, N. R. | 2002 | Collective memory and spatial sorting in animal groups. J. Theor. Biol. 218, 1–11. | doi: 10.1006/jtbi.2002.3065 | PubMed Abstract | CrossRef Full Text | Google Scholar
Damasio, A. R. | 2010 | Self Comes to Mind : Constructing the Conscious Brain, 1st Edn. New York, NY: Pantheon Books, 367. | Google Scholar
Damasio, A., and Carvalho, G. B. | 2013 | The nature of feelings: evolutionary and neurobiological origins. Nat. Rev. Neurosci. 14, 143–152. | doi: 10.1038/nrn3403 | PubMed Abstract | CrossRef Full Text | Google Scholar
Daniels, B. C., Ellison, C. J., Krakauer, D. C., and Flack, J. C. | 2016 | Quantifying collectivity. Curr. Opin. Neurobiol. 37, 106–113. | doi: 10.1016/j.conb.2016.01.012 | PubMed Abstract | CrossRef Full Text | Google Scholar
Danilov, Y., and Tyler, M. | 2005 | Brainport: an alternative input to the brain. J. Integr. Neurosci. 4, 537–550. | doi: 10.1142/s0219635205000914 | PubMed Abstract | CrossRef Full Text | Google Scholar
DeMarse, T. B., and Dockendorf, K. P. | 2005 | “Adaptive flight control with living neuronal networks on microelectrode arrays,” in Proceedings. 2005 IEEE International Joint Conference on Neural Networks, (Montreal, QC), 1548–1551. | Google Scholar
Demarse, T. B., Wagenaar, D. A., Blau, A. W., and Potter, S. M. | 2001 | The neurally controlled animat: biological brains acting with simulated bodies. Auton. Robots 11, 305–310. | doi: 10.1023/a:1012407611130 | PubMed Abstract | CrossRef Full Text | Google Scholar
Dennett, D. C. | 1987 | The Intentional Stance. Cambridge, MA: MIT Press, 388. | Google Scholar
Dennett, D. C. | 1991 | Consciousness Explained. Boston, MA: Little, Brown and Co. | Google Scholar
Dennett, D. C. | 2017 | From Bacteria to Bach and Back : The Evolution of Minds, First Edn. New York, NY: W.W. Norton & Company, 476. | Google Scholar
Dexter, J. P., Prabakaran, S., and Gunawardena, J. | 2019 | A complex hierarchy of avoidance behaviors in a single-cell eukaryote. Curr. Biol. 29, 4323–4329.e2. | doi: 10.1016/j.cub.2019.10.059 | PubMed Abstract | CrossRef Full Text | Google Scholar
Di Paulo, E. A. | 2000 | “Homeostatic adaptation to inversion of the visual field and other sensorimotor disruptions,” in Proceedings of the SAB2000 Sixth International Conference on Simulation of Adaptive Behavior : From Animals to Animats, eds J.-A. Meyer, Berthoz, A., Floreano, D., Roitblat, H. L., and Wilson, S. W., Paris. | Google Scholar
di Primio, F., Muller, B. S., and Lengeler, J. W. | 2000 | “Minimal cognition in unicellular organisms,” in Proceedings of the SAB2000 Sixth International Conference on Simulation of Adaptive Behavior : From Animals to Animats, eds J.-A. Meyer, A. Berthoz, D. Floreano, H. L. Roitblat, and S. W. Wilson (Paris). | Google Scholar
Dietrich, E., Fields, C., Hoffman, D. D., and Prentner, R. | 2020 | Editorial: epistemic feelings: phenomenology, implementation, and role in cognition. Front. Psychol. 11:606046. | doi: 10.3389/fpsyg.2020.606046 | PubMed Abstract | CrossRef Full Text | Google Scholar
Ding, S., O’Banion, C. P., Welfare, J. G., and Lawrence, D. S. | 2018 | Cellular cyborgs: on the precipice of a drug delivery revolution. Cell Chem. Biol. 25, 648–658. | doi: 10.1016/j.chembiol.2018.03.003 | PubMed Abstract | CrossRef Full Text | Google Scholar
Dobzhansky, T. | 1973 | Nothing in biology makes sense except in the light of evolution. Am. Biol. Teach. 35, 125–129. | Google Scholar
Dong, X., Kheiri, S., Lu, Y., Xu, Z., Zhen, M., and Liu, X. | 2021 | Toward a living soft microrobot through optogenetic locomotion control of Caenorhabditis elegans. Sci. Robot. 6:eabe3950. | doi: 10.1126/scirobotics.abe3950 | PubMed Abstract | CrossRef Full Text | Google Scholar
Dorahy, M. J., Brand, B. L., Şar, V., Krüger, C., Stavropoulos, P., Martínez-Taboas, A., et al. | 2014 | Dissociative identity disorder: an empirical overview. Aust. N. Z. J. Psychiatry 48, 402–417. | doi: 10.1177/0004867414527523 | PubMed Abstract | CrossRef Full Text | Google Scholar
Downing, K. L. | 2004 | Development and the Baldwin effect. Artif. Life 10, 39–63. | doi: 10.1162/106454604322875904 | PubMed Abstract | CrossRef Full Text | Google Scholar
Dukas, R. | 1998 | Cognitive Ecology: The Evolutionary Ecology of Information Processing and Decision Making. Chicago, IL: Chicago University Press. | Google Scholar
Durant, F., Morokuma, J., Fields, C., Williams, K., Adams, D. S., and Levin, M. | 2017 | Long-term, stochastic editing of regenerative anatomy via targeting endogenous bioelectric gradients. Biophys. J. 112, 2231–2243. | doi: 10.1016/j.bpj.2017.04.011 | PubMed Abstract | CrossRef Full Text | Google Scholar
Egeblad, M., Nakasone, E. S., and Werb, Z. | 2010 | Tumors as organs: complex tissues that interface with the entire organism. Dev. Cell 18, 884–901. | doi: 10.1016/j.devcel.2010.05.012 | PubMed Abstract | CrossRef Full Text | Google Scholar
Elgart, M., Snir, O., and Soen, Y. | 2015 | Stress-mediated tuning of developmental robustness and plasticity in flies. Biochim. Biophys. Acta 1849, 462–466. | doi: 10.1016/j.bbagrm.2014.08.004 | PubMed Abstract | CrossRef Full Text | Google Scholar
Ellis, G. F. R. | 2008 | On the nature of causation in complex systems. Transac. R. Soc. South Afr. 63, 69–84. | doi: 10.1080/00359190809519211 | CrossRef Full Text | Google Scholar
Ellis, G. F. R., Noble, D., and O’Connor, T. | 2012 | Top-down causation: an integrating theme within and across the sciences? Introduction. Interface Focus 2, 1–3. | doi: 10.1098/Rsfs.2011.0110 | CrossRef Full Text | Google Scholar
Emmons-Bell, M., Durant, F., Hammelman, J., Bessonov, N., Volpert, V., Morokuma, J., et al. | 2015 | Gap junctional blockade stochastically induces different species-specific head anatomies in genetically wild-type girardia dorotocephala flatworms. Int. J. Mol. Sci. 16, 27865–27896. | doi: 10.3390/ijms161126065 | PubMed Abstract | CrossRef Full Text | Google Scholar
Emmons-Bell, M., Durant, F., Tung, A., Pietak, A., Miller, K., Kane, A., et al. | 2019 | Regenerative adaptation to electrochemical perturbation in planaria: a molecular analysis of physiological plasticity. iScience 22, 147–165. | doi: 10.1016/j.isci.2019.11.014 | PubMed Abstract | CrossRef Full Text | Google Scholar
Epstein, R. | 1984 | The principle of parsimony and some applications in psychology. J. Mind. Behav. 5, 119–130. | Google Scholar
Fankhauser, G. | 1945a | Maintenance of normal structure in heteroploid salamander larvae, through compensation of changes in cell size by adjustment of cell number and cell shape. J. Exp. Zool. 100, 445–455. | doi: 10.1002/jez.1401000310 | PubMed Abstract | CrossRef Full Text | Google Scholar
Fankhauser, G. | 1945b | The effects of changes in chromosome number on amphibian development. Q. Rev. Biol. 20, 20–78. | doi: 10.2307/2809003 | CrossRef Full Text | Google Scholar
Feynman, R. | 1942 | The Principle of Least Action in Quantum Mechanics. Ph.D Thesis. Princeton, NJ: Princeton University. | Google Scholar
Fields, C., and Levin, M. | 2017 | Multiscale memory and bioelectric error correction in the cytoplasm–cytoskeleton-membrane system. Wiley Interdiscip. Rev. Syst. Biol. Med. 10, e1410. | doi: 10.1002/wsbm.1410 | PubMed Abstract | CrossRef Full Text | Google Scholar
Fields, C., Bischof, J., and Levin, M. | 2020 | Morphological coordination: a common ancestral function unifying neural and non-neural signaling. Physiology 35, 16–30. | doi: 10.1152/physiol.00027.2019 | PubMed Abstract | CrossRef Full Text | Google Scholar
Fields, C., Hoffman, D. D., Prakash, C., and Singh, M. | 2017 | Conscious agent networks: formal analysis and application to cognition. 10. Cogn. Syst. Res. | Google Scholar
Flack, J. C. | 2017 | Coarse-graining as a downward causation mechanism. Philos. Trans. A Math. Phys. Eng. Sci. 375:20160338. | doi: 10.1098/rsta.2016.0338 | PubMed Abstract | CrossRef Full Text | Google Scholar
Fontes, P., Komori, J., Lopez, R., Marsh, W., and Lagasse, E. | 2020 | Development of ectopic livers by hepatocyte transplantation into swine lymph nodes. Liver Transpl. 26, 1629–1643. | doi: 10.1002/lt.25872 | PubMed Abstract | CrossRef Full Text | Google Scholar
Ford, B. J. | 2017 | Cellular intelligence: microphenomenology and the realities of being. Prog. Biophys. Mol. Biol. 131, 273–287. | doi: 10.1016/j.pbiomolbio.2017.08.012 | PubMed Abstract | CrossRef Full Text | Google Scholar
Forraz, N., Wright, K. E., Jurga, M., and McGuckin, C. P. | 2013 | Experimental therapies for repair of the central nervous system: stem cells and tissue engineering. J. Tissue Eng. Regen. Med. 7, 523–536. | doi: 10.1002/term.552 | PubMed Abstract | CrossRef Full Text | Google Scholar
Frank, S. A. | 2018 | Measurement invariance explains the universal law of generalization for psychological perception. Proc. Natl. Acad. Sci. U.S.A. 115, 9803–9806. | doi: 10.1073/pnas.1809787115 | PubMed Abstract | CrossRef Full Text | Google Scholar
Frank, S. A. | 2019a | Evolutionary design of regulatory control. I. A robust control theory analysis of tradeoffs. J. Theor. Biol. 463, 121–137. | doi: 10.1016/j.jtbi.2018.12.023 | PubMed Abstract | CrossRef Full Text | Google Scholar
Frank, S. A. | 2019b | Evolutionary design of regulatory control. II. Robust error-correcting feedback increases genetic and phenotypic variability. J. Theor. Biol. 468, 72–81. | doi: 10.1016/j.jtbi.2019.02.012 | PubMed Abstract | CrossRef Full Text | Google Scholar
Friston, K. | 2013 | Life as we know it. J. R. Soc. Interface 10:20130475. | doi: 10.1098/rsif.2013.0475 | PubMed Abstract | CrossRef Full Text | Google Scholar
Friston, K. J., Shiner, T., FitzGerald, T., Galea, J. M., Adams, R., Brown, H., et al. | 2012 | Dopamine, affordance and active inference. PLoS Comput. Biol. 8:e1002327. | doi: 10.1371/journal.pcbi.1002327 | PubMed Abstract | CrossRef Full Text | Google Scholar
Friston, K. J., Stephan, K. E., Montague, R., and Dolan, R. J. | 2014 | Computational psychiatry: the brain as a phantastic organ. Lancet Psychiatry 1, 148–158. | doi: 10.1016/S2215-0366(14)70275-5 | CrossRef Full Text | Google Scholar
Friston, K., and Ao, P. | 2012 | Free energy, value, and attractors. Comput. Math. Methods Med. 2012:937860. | doi: 10.1155/2012/937860 | PubMed Abstract | CrossRef Full Text | Google Scholar
Friston, K., Rigoli, F., Ognibene, D., Mathys, C., Fitzgerald, T., and Pezzulo, G. | 2015b | Active inference and epistemic value. Cogn. Neurosci. 6, 187–214. | doi: 10.1080/17588928.2015.1020053 | PubMed Abstract | CrossRef Full Text | Google Scholar
Friston, K., Levin, M., Sengupta, B., and Pezzulo, G. | 2015a | Knowing one’s place: a free-energy approach to pattern regulation. J. R. Soc. Interface 12:20141383. | doi: 10.1098/rsif.2014.1383 | PubMed Abstract | CrossRef Full Text | Google Scholar
Friston, K., Schwartenbeck, P., Fitzgerald, T., Moutoussis, M., Behrens, T., and Dolan, R. J. | 2013 | The anatomy of choice: active inference and agency. Front. Hum. Neurosci. 7:598. | doi: 10.3389/fnhum.2013.00598 | PubMed Abstract | CrossRef Full Text | Google Scholar
Friston, K., Sengupta, B., and Auletta, G. | 2014 | Cognitive dynamics: from attractors to active inference. Proc. IEEE 102, 427–445. | doi: 10.1109/Jproc.2014.2306251 | CrossRef Full Text | Google Scholar
Fukumoto, T., Kema, I. P., and Levin, M. | 2005b | Serotonin signaling is a very early step in patterning of the left-right axis in chick and frog embryos. Curr. Biol. 15, 794–803. | doi: 10.1016/j.cub.2005.03.044 | PubMed Abstract | CrossRef Full Text | Google Scholar
Fukumoto, T., Blakely, R., and Levin, M. | 2005a | Serotonin transporter function is an early step in left-right patterning in chick and frog embryos. Dev. Neurosci. 27, 349–363. | doi: 10.1159/000088451 | PubMed Abstract | CrossRef Full Text | Google Scholar
Gao, J., Liu, Y. Y., D’Souza, R. M., and Barabasi, A. L. | 2014 | Target control of complex networks. Nat. Commun. 5:5415. | doi: 10.1038/ncomms6415 | PubMed Abstract | CrossRef Full Text | Google Scholar
Gawne, R., McKenna, K. Z., and Levin, M. | 2020 | Competitive and coordinative interactions between body parts produce adaptive developmental outcomes. BioEssays 42:e1900245. | doi: 10.1002/bies.201900245 | PubMed Abstract | CrossRef Full Text | Google Scholar
Gazzaniga, M. S. | 1970 | The Bisected Brain. New York, NY: Appleton-Century-Crofts. | Google Scholar
Georgiev, G., and Georgiev, I. | 2002 | The least action and the metric of an organized system. Open Syst. Inf. Dyn. 9, 371–380. | doi: 10.1023/A:1021858318296 | CrossRef Full Text | Google Scholar
Gerhart, J., and Kirschner, M. | 2007 | The theory of facilitated variation. Proc. Natl. Acad. Sci. U.S.A. 104, (Suppl. 1), 8582–8589. | doi: 10.1073/pnas.0701035104 | PubMed Abstract | CrossRef Full Text | Google Scholar
Gershman, S. J., Balbi, P. E., Gallistel, C. R., and Gunawardena, J. | 2021 | Reconsidering the evidence for learning in single cells. Elife 10:e61907. | doi: 10.7554/eLife.61907. | PubMed Abstract | CrossRef Full Text | Google Scholar
Ghoneim, M. M., and Block, R. I. | 1997 | Learning and memory during general anesthesia: an update. Anesthesiology 87, 387–410. | doi: 10.1097/00000542-199708000-00027 | PubMed Abstract | CrossRef Full Text | Google Scholar
Ginsburg, S., and Jablonka, E. | 2021 | Evolutionary transitions in learning and cognition. Philos. Trans. R. Soc. Lond. B Biol. Sci. 376:20190766. | doi: 10.1098/rstb.2019.0766 | PubMed Abstract | CrossRef Full Text | Google Scholar
Giselbrecht, S., Rapp, B. E., and Niemeyer, C. M. | 2013 | The chemistry of cyborgs–interfacing technical devices with organisms. Angew. Chem. Int. Ed. Engl. 52, 13942–13957. | doi: 10.1002/anie.201307495 | PubMed Abstract | CrossRef Full Text | Google Scholar
Godfrey-Smith, P. | 2009 | Darwinian Populations and Natural Selection. Oxford: Oxford University Press, 207. | Google Scholar
Goel, P., and Mehta, A. | 2013 | Learning theories reveal loss of pancreatic electrical connectivity in diabetes as an adaptive response. PLoS One 8:e70366. | doi: 10.1371/journal.pone.0070366 | PubMed Abstract | CrossRef Full Text | Google Scholar
Gottlieb, J., Oudeyer, P. Y., Lopes, M., and Baranes, A. | 2013 | Information-seeking, curiosity, and attention: computational and neural mechanisms. Trends Cogn. Sci. 17, 585–593. | doi: 10.1016/j.tics.2013.09.001 | PubMed Abstract | CrossRef Full Text | Google Scholar
Green, A. M., and Kalaska, J. F. | 2011 | Learning to move machines with the mind. Trends Neurosci. 34, 61–75. | doi: 10.1016/j.tins.2010.11.003 | PubMed Abstract | CrossRef Full Text | Google Scholar
Gremiaux, A., Yokawa, K., Mancuso, S., and Baluska, F. | 2014 | Plant anesthesia supports similarities between animals and plants: claude Bernard’s forgotten studies. Plant Signal. Behav. 9:e27886. | doi: 10.4161/psb.27886 | PubMed Abstract | CrossRef Full Text | Google Scholar
Grossberg, S. | 1978 | “Communication, memory, and development,” in Progress in Theoretical Biology, Vol. 5, eds R. Rosen and F. Snell (New York, NY: Academic Press). | Google Scholar
Hadj-Chikh, L. Z., Steele, M. A., and Smallwood, P. D. | 1996 | Caching decisions by grey squirrels: a test of the handling time and perishability hypotheses. Anim. Behav. 52, 941–948. | doi: 10.1006/anbe.1996.0242 | CrossRef Full Text | Google Scholar
Haigh, E. L. | 1976 | Vitalism, the soul, and sensibility: the physiology of Theophile Bordeu. J. Hist. Med. Allied Sci. 31, 30–41. | doi: 10.1093/jhmas/xxxi.1.30 | PubMed Abstract | CrossRef Full Text | Google Scholar
Hankey, A. | 2015 | A complexity basis for phenomenology: how information states at criticality offer a new approach to understanding experience of self, being and time. Prog. Biophys. Mol. Biol. 119, 288–302. | doi: 10.1016/j.pbiomolbio.2015.07.010 | PubMed Abstract | CrossRef Full Text | Google Scholar
Harman, G. | 1973 | Thought. New Jersey, NJ: Princeton. | Google Scholar
Harris, M. P. | 2021 | Bioelectric signaling as a unique regulator of development and regeneration. Development 148:dev180794. | doi: 10.1242/dev.180794 | PubMed Abstract | CrossRef Full Text | Google Scholar
Heams, T. | 2012 | Selection within organisms in the nineteenth century: Wilhelm Roux’s complex legacy. Prog. Biophys. Mol. Biol. 110, 24–33. | doi: 10.1016/j.pbiomolbio.2012.04.004 | PubMed Abstract | CrossRef Full Text | Google Scholar
Hernandez-Diaz, S., and Levin, M. | 2014 | Alteration of bioelectrically-controlled processes in the embryo: a teratogenic mechanism for anticonvulsants. Reprod. Toxicol. 47, 111–114. | doi: 10.1016/j.reprotox.2014.04.008 | PubMed Abstract | CrossRef Full Text | Google Scholar
Herrera-Delgado, E., Perez-Carrasco, R., Briscoe, J., and Sollich, P. | 2018 | Memory functions reveal structural properties of gene regulatory networks. PLoS Comput. Biol. 14:e1006003. | doi: 10.1371/journal.pcbi.1006003 | PubMed Abstract | CrossRef Full Text | Google Scholar
Hoel, E. P., Albantakis, L., and Tononi, G. | 2013 | Quantifying causal emergence shows that macro can beat micro. Proc. Natl. Acad. U.S.A. 110, 19790–19795. | doi: 10.1073/pnas.1314922110 | PubMed Abstract | CrossRef Full Text | Google Scholar
Hoel, E. P., Albantakis, L., Marshall, W., and Tononi, G. | 2016 | Can the macro beat the micro? Integrated information across spatiotemporal scales. Neurosci. Conscious. 2016:niw012. | doi: 10.1093/nc/niw012 | PubMed Abstract | CrossRef Full Text | Google Scholar
Hoffman, D. D. | 2017 | “The interface theory of perception,” in Stevens’ Handbook of Experimental Psychology and Cognitive Neuroscience, ed. J. T. Wixted (Hoboken, NJ: Wiley). | Google Scholar
Hoffman, D. D., Singh, M., and Prakash, C. | 2015 | The interface theory of perception. Psychon. Bull. Rev. 22, 1480–1506. | doi: 10.3758/s13423-015-0890-8 | PubMed Abstract | CrossRef Full Text | Google Scholar
Hogenson, G. B. | 2001 | The Baldwin effect: a neglected influence on C. G. Jung’s evolutionary thinking. J. Anal. Psychol. 46, 591–611. | doi: 10.1111/1465-5922.00269 | PubMed Abstract | CrossRef Full Text | Google Scholar
Hopfield, J. J. | 1982 | Neural networks and physical systems with emergent collective computational abilities. Proc. Natl. Acad. Sci. U.S.A. 79, 2554–2558. | doi: 10.1073/pnas.79.8.2554 | PubMed Abstract | CrossRef Full Text | Google Scholar
Hover, S., Foster, B., Barr, J. N., and Mankouri, J. | 2017 | Viral dependence on cellular ion channels - an emerging anti-viral target? J. Gen. Virol. 98, 345–351. | doi: 10.1099/jgv.0.000712 | PubMed Abstract | CrossRef Full Text | Google Scholar
Huang, H., Liu, S., and Kornberg, T. B. | 2019 | Glutamate signaling at cytoneme synapses. Science 363, 948–955. | doi: 10.1126/science.aat5053 | PubMed Abstract | CrossRef Full Text | Google Scholar
Hughes, D. P., Araujo, J. P., Loreto, R. G., Quevillon, L., de Bekker, C., and Evans, H. C. | 2016 | From so simple a beginning: the evolution of behavioral manipulation by fungi. Adv Genet 94, 437–469. | doi: 10.1016/bs.adgen.2016.01.004 | PubMed Abstract | CrossRef Full Text | Google Scholar
Humphries, J., Xiong, L., Liu, J., Prindle, A., Yuan, F., Arjes, H. A., et al. | 2017 | Species-independent attraction to biofilms through electrical signaling. Cell 168, 200–209.e12. | doi: 10.1016/j.cell.2016.12.014 | PubMed Abstract | CrossRef Full Text | Google Scholar
Hyun, I., Scharf-Deering, J. C., and Lunshof, J. E. | 2020 | Ethical issues related to brain organoid research. Brain Res. 1732:146653. | doi: 10.1016/j.brainres.2020.146653 | PubMed Abstract | CrossRef Full Text | Google Scholar
Inoue, J. | 2008 | A simple Hopfield-like cellular network model of plant intelligence. Prog. Brain Res. 168, 169–174. | doi: 10.1016/S0079-6123(07)68014-5 | CrossRef Full Text | Google Scholar
James, W. | 1890 | Principles of Psychology. New York, NY: Henry Holt and Co. | Google Scholar
Jekely, G., Keijzer, F., and Godfrey-Smith, P. | 2015 | An option space for early neural evolution. Philos. Trans. R. Soc. Lond. B Biol. Sci. 370:20150181. | doi: 10.1098/rstb.2015.0181 | PubMed Abstract | CrossRef Full Text | Google Scholar
Jennings, H. S. | 1906 | Behavior of the Lower Organisms. New York, NY: The Columbia university press, 366. | Google Scholar
Kaila, V. R. I., and Annila, A. | 2008 | Natural selection for least action. Proc. R. Soc A 464, 3055–3070. | doi: 10.1098/Rspa.2008.0178 | CrossRef Full Text | Google Scholar
Kang, J. H., Manousaki, T., Franchini, P., Kneitz, S., Schartl, M., and Meyer, A. | 2015 | Transcriptomics of two evolutionary novelties: how to make a sperm-transfer organ out of an anal fin and a sexually selected “sword” out of a caudal fin. Ecol. Evol. 5, 848–864. | doi: 10.1002/ece3.1390 | PubMed Abstract | CrossRef Full Text | Google Scholar
Karpas, E. D., Shklarsh, A., and Schneidman, E. | 2017 | Information socialtaxis and efficient collective behavior emerging in groups of information-seeking agents. Proc. Natl. Acad. Sci. U.S.A. 114, 5589–5594. | doi: 10.1073/pnas.1618055114 | PubMed Abstract | CrossRef Full Text | Google Scholar
Keijzer, F. | 2015 | Moving and sensing without input and output: early nervous systems and the origins of the animal sensorimotor organization. Biol. Philos. 30, 311–331. | doi: 10.1007/s10539-015-9483-1 | PubMed Abstract | CrossRef Full Text | Google Scholar
Keijzer, F., van Duijn, M., and Lyon, P. | 2013 | What nervous systems do: early evolution, input-output, and the skin brain thesis. Adapt Behav. 21, 67–85. | doi: 10.1177/1059712312465330 | CrossRef Full Text | Google Scholar
Kelz, M. B., Garcia, P. S., Mashour, G. A., and Solt, K. | 2019 | Escape from oblivion: neural mechanisms of emergence from general Anesthesia. Anesth. Analg. 128, 726–736. | doi: 10.1213/ANE.0000000000004006 | PubMed Abstract | CrossRef Full Text | Google Scholar
Koshland, D. E. | 1983 | The bacterium as a model neuron. Trends Neurosci. 6, 133–137. | doi: 10.1016/0166-2236(83)90066-8 | CrossRef Full Text | Google Scholar
Kouvaris, K., Clune, J., Kounios, L., Brede, M., and Watson, R. A. | 2017 | How evolution learns to generalise: using the principles of learning theory to understand the evolution of developmental organisation. PLoS Comput. Biol. 13:e1005358. | doi: 10.1371/journal.pcbi.1005358 | PubMed Abstract | CrossRef Full Text | Google Scholar
Krakauer, D., Bertschinger, N., Olbrich, E., Ay, N., and Flack, J. C. | 2014 | The Information Theory of Individuality. arXiv [Preprint]. Available online at: https://arxiv.org/abs/1412.2447 (accessed February 2, 2022). | Google Scholar
Kralj, J. M., Hochbaum, D. R., Douglass, A. D., and Cohen, A. E. | 2011 | Electrical spiking in Escherichia coli probed with a fluorescent voltage-indicating protein. Science 333, 345–348. | doi: 10.1126/science.1204763 | PubMed Abstract | CrossRef Full Text | Google Scholar
Kriegman, S., Blackiston, D., Levin, M., and Bongard, J. | 2020a | A scalable pipeline for designing reconfigurable organisms. Proc. Natl. Acad. Sci. U.S.A. 117, 1853–1859. | doi: 10.1073/pnas.1910837117 | PubMed Abstract | CrossRef Full Text | Google Scholar
Kriegman, S., Nasab, A. M., Shah, D., Steele, H., Branin, G., Levin, M., et al. | 2020b | “Scalable sim-to-real transfer of soft robot designs,” in Proceedings of the 2020 3rd IEEE International Conference on Soft Robotics (Robosoft), (New Haven, CT), 359–366. | Google Scholar
Krotov, D. | 2021 | Hierarchical Associative Memory. Available online at: https://ui.adsabs.harvard.edu/abs/2021arXiv210706446K (accessed July 01, 2021). | Google Scholar
Kuchling, F., Friston, K., Georgiev, G., and Levin, M. | 2020a | Integrating variational approaches to pattern formation into a deeper physics: reply to comments on “Morphogenesis as Bayesian inference: a variational approach to pattern formation and manipulation in complex biological systems”. Phys. Life Rev. 33, 125–128. | doi: 10.1016/j.plrev.2020.07.001 | PubMed Abstract | CrossRef Full Text | Google Scholar
Kuchling, F., Friston, K., Georgiev, G., and Levin, M. | 2020b | Morphogenesis as Bayesian inference: a variational approach to pattern formation and control in complex biological systems. Phys. Life Rev. 33, 88–108. | doi: 10.1016/j.plrev.2019.06.001 | PubMed Abstract | CrossRef Full Text | Google Scholar
Lan, G., and Tu, Y. | 2016 | Information processing in bacteria: memory, computation, and statistical physics: a key issues review. Rep. Prog. Phys. 79:052601. | doi: 10.1088/0034-4885/79/5/052601 | CrossRef Full Text | Google Scholar
Langton, C. G. | 1995 | Artificial Life: An Overview. Cambridge, MA: MIT Press. | Google Scholar
Larkin, J. W., Zhai, X., Kikuchi, K., Redford, S. E., Prindle, A., Liu, J., et al. | 2018 | Signal percolation within a bacterial community. Cell Syst 7, 137–145.e3. | doi: 10.1016/j.cels.2018.06.005 | PubMed Abstract | CrossRef Full Text | Google Scholar
Law, R., and Levin, M. | 2015 | Bioelectric memory: modeling resting potential bistability in amphibian embryos and mammalian cells. Theor. Biol. Med. Model 12:22. | doi: 10.1186/s12976-015-0019-9 | PubMed Abstract | CrossRef Full Text | Google Scholar
Leithe, E., Sirnes, S., Omori, Y., and Rivedal, E. | 2006 | Downregulation of gap junctions in cancer cells. Crit. Rev. Oncog. 12, 225–256. | doi: 10.1615/critrevoncog.v12.i3-4.30 | PubMed Abstract | CrossRef Full Text | Google Scholar
Levin, M. | 2011 | The wisdom of the body: future techniques and approaches to morphogenetic fields in regenerative medicine, developmental biology and cancer. Regen. Med. 6, 667–673. | doi: 10.2217/rme.11.69 | PubMed Abstract | CrossRef Full Text | Google Scholar
Levin, M. | 2019 | The computational boundary of a “Self”: developmental bioelectricity drives multicellularity and scale-free cognition. Front. Psychol. 10:2688. | doi: 10.3389/fpsyg.2019.02688 | PubMed Abstract | CrossRef Full Text | Google Scholar
Levin, M. | 2020 | Life, death, and self: fundamental questions of primitive cognition viewed through the lens of body plasticity and synthetic organisms. Biochem. Biophys. Res. Commun. 564, 114–133. | doi: 10.1016/j.bbrc.2020.10.077 | PubMed Abstract | CrossRef Full Text | Google Scholar
Levin, M. | 2021a | Bioelectric signaling: reprogrammable circuits underlying embryogenesis, regeneration, and cancer. Cell 184, 1971–1989. | doi: 10.1016/j.cell.2021.02.034 | PubMed Abstract | CrossRef Full Text | Google Scholar
Levin, M. | 2021b | Bioelectrical approaches to cancer as a problem of the scaling of the cellular self. Prog. Biophys. Mol. Biol. 165, 102–113. | doi: 10.1016/j.pbiomolbio.2021.04.007 | PubMed Abstract | CrossRef Full Text | Google Scholar
Levin, M. | 2022 | TAME: technological approach to mind everywhere. PsyArXiv [Preprint] | doi: 10.31234/osf.io/t6e8p | CrossRef Full Text | Google Scholar
Levin, M., and Dennett, D. C. | 2020 | Cognition All the Way Down. Melbourne: Aeon. | Google Scholar
Levin, M., and Martyniuk, C. J. | 2018 | The bioelectric code: an ancient computational medium for dynamic control of growth and form. Biosystems 164, 76–93. | doi: 10.1016/j.biosystems.2017.08.009 | PubMed Abstract | CrossRef Full Text | Google Scholar
Levin, M., Bongard, J., and Lunshof, J. E. | 2020 | Applications and ethics of computer-designed organisms. Nat. Rev. Mol. Cell Biol. 21, 655–656. | doi: 10.1038/s41580-020-00284-z | PubMed Abstract | CrossRef Full Text | Google Scholar
Levin, M., Buznikov, G. A., and Lauder, J. M. | 2006 | Of minds and embryos: left-right asymmetry and the serotonergic controls of pre-neural morphogenesis. Dev. Neurosci. 28, 171–185. | doi: 10.1159/000091915 | PubMed Abstract | CrossRef Full Text | Google Scholar
Levin, M., Keijzer, F., Lyon, P., and Arendt, D. | 2021 | Uncovering cognitive similarities and differences, conservation and innovation. Philos. Trans. R. Soc. Lond. B Biol. Sci. 376:20200458. | doi: 10.1098/rstb.2020.0458 | PubMed Abstract | CrossRef Full Text | Google Scholar
Levin, M., Pezzulo, G., and Finkelstein, J. M. | 2017 | Endogenous bioelectric signaling networks: exploiting voltage gradients for control of growth and form. Annu. Rev. Biomed. Eng. 19, 353–387. | doi: 10.1146/annurev-bioeng-071114-040647 | PubMed Abstract | CrossRef Full Text | Google Scholar
Li, W. L., Matsuhisa, N., Liu, Z. Y., Wang, M., Luo, Y. F., Cai, P. Q., et al. | 2021 | An on-demand plant-based actuator created using conformable electrodes. Nat. Electron. 4, 134–142. | doi: 10.1038/s41928-020-00530-4 | CrossRef Full Text | Google Scholar
Liebeskind, B. J., Hillis, D. M., and Zakon, H. H. | 2015 | Convergence of ion channel genome content in early animal evolution. Proc. Natl. Acad. Sci. U.S.A. 112, E846–E851. | doi: 10.1073/pnas.1501195112 | PubMed Abstract | CrossRef Full Text | Google Scholar
Liu, J., Martinez-Corral, R., Prindle, A., Lee, D. D., Larkin, J., Gabalda-Sagarra, M., et al. | 2017 | Coupling between distant biofilms and emergence of nutrient time-sharing. Science 356, 638–642. | doi: 10.1126/science.aah4204 | PubMed Abstract | CrossRef Full Text | Google Scholar
Liu, Y. Y., Slotine, J. J., and Barabasi, A. L. | 2011 | Controllability of complex networks. Nature 473, 167–173. | doi: 10.1038/nature10011 | PubMed Abstract | CrossRef Full Text | Google Scholar
Lobo, D., Solano, M., Bubenik, G. A., and Levin, M. | 2014 | A linear-encoding model explains the variability of the target morphology in regeneration. J. R. Soc. 11:20130918. | doi: 10.1098/rsif.2013.0918 | PubMed Abstract | CrossRef Full Text | Google Scholar
Lowell, J., and Pollack, J. (eds) | 2016 | “Developmental encodings promote the emergence of hierarchical modularity,” in Proceedings of the Artificial Life Conference 2016, (Cancun: MIT Press). | Google Scholar
Lyon, P. | 2006 | The biogenic approach to cognition. Cogn. Process. 7, 11–29. | doi: 10.1007/s10339-005-0016-8 | PubMed Abstract | CrossRef Full Text | Google Scholar
Lyon, P., and Kuchling, F. | 2021 | Valuing what happens: a biogenic approach to valence and (potentially) affect. Philos. Trans. R. Soc. Lond. B Biol. Sci. 376:20190752. | doi: 10.1098/rstb.2019.0752 | PubMed Abstract | CrossRef Full Text | Google Scholar
Lyon, P., Keijzer, F., Arendt, D., and Levin, M. | 2021 | Reframing cognition: getting down to biological basics. Philos. Trans. R. Soc. Lond. B Biol. Sci. 376:20190750. | doi: 10.1098/rstb.2019.0750 | PubMed Abstract | CrossRef Full Text | Google Scholar
Man, K., and Damasio, A. | 2019 | Homeostasis and soft robotics in the design of feeling machines. Nat. Mach. Intell. 1, 446–452. | doi: 10.1038/s42256-019-0103-7 | CrossRef Full Text | Google Scholar
Manicka, S., and Harvey, I. (eds) | 2008 | ‘Psychoanalysis’ of a Minimal Agent. Artificial Life XI; Winchester, UK. | Google Scholar
Manicka, S., and Levin, M. | 2019b | The cognitive lens: a primer on conceptual tools for analysing information processing in developmental and regenerative morphogenesis. Philos. Trans. R. Soc. Lond. B Biol. Sci. 374:20180369. | doi: 10.1098/rstb.2018.0369 | PubMed Abstract | CrossRef Full Text | Google Scholar
Manicka, S., and Levin, M. | 2019a | Modeling somatic computation with non-neural bioelectric networks. Sci. Re.p 9:18612. | doi: 10.1038/s41598-019-54859-8 | PubMed Abstract | CrossRef Full Text | Google Scholar
Mar, R. A., Kelley, W. M., Heatherton, T. F., and Macrae, C. N. | 2007 | Detecting agency from the biological motion of veridical vs animated agents. Soc. Cogn. Affect. Neurosci. 2, 199–205. | doi: 10.1093/scan/nsm011 | PubMed Abstract | CrossRef Full Text | Google Scholar
Marr, D. | 1982 | Vision : A Computational Investigation into the Human Representation and Processing of Visual Information. San Francisco, CA: W.H. Freeman, 397. | Google Scholar
Martinez-Corral, R., Liu, J., Prindle, A., Suel, G. M., and Garcia-Ojalvo, J. | 2019 | Metabolic basis of brain-like electrical signalling in bacterial communities. Philos. Trans. R. Soc. Lond. B Biol. Sci. 374:20180382. | doi: 10.1098/rstb.2018.0382 | PubMed Abstract | CrossRef Full Text | Google Scholar
Martinez-Corral, R., Liu, J., Suel, G. M., and Garcia-Ojalvo, J. | 2018 | Bistable emergence of oscillations in growing Bacillus subtilis biofilms. Proc. Natl. Acad. Sci. U.S.A. 115, E8333–E8340. | doi: 10.1073/pnas.1805004115 | PubMed Abstract | CrossRef Full Text | Google Scholar
Maslow, A. H. | 1943 | A theory of human motivation. Psychol. Rev. 50, 370–396. | Google Scholar
Maturana, H. R., and Varela, F. J. | 1980 | Autopoiesis and Cognition : The Realization of the Living. Dordrecht: D. Reidel Pub. Co, 141. | Google Scholar
Maynard Smith, J. | 1999 | Shaping Life : Genes, Embryos, and Evolution. New Haven, CT: Yale University Press, 50. | Google Scholar
Maynard Smith, J., and Szathmáry, E. | 1995 | The Major Transitions in Evolution. New York, NY: W.H. Freeman Spektrum, 346. | Google Scholar
Mayr, E. | 1992 | The idea of teleology. J. Hist. Ideas 53, 117–135. | doi: 10.2307/2709913 | CrossRef Full Text | Google Scholar
McConnell, J. V., and Shelby, J. M. | 1970 | “Memory transfer experiments in invertebrates,” in Molecular Mechanisms in Memory and Learning, ed. G. Ungar (New York, NY: Plenum Press), 71–101. | Google Scholar
McConnell, J. V., Jacobson, A. L., and Kimble, D. P. | 1959 | The effects of regeneration upon retention of a conditioned response in the planarian. J. Comp. Physiol. Psychol. 52, 1–5. | doi: 10.1037/h0048028 | PubMed Abstract | CrossRef Full Text | Google Scholar
McEvoy, J. W. | 2009 | Evolutionary game theory: lessons and limitations, a cancer perspective. Br. J. Cancer 101, 2060–1;author reply 2062–3. | doi: 10.1038/sj.bjc.6605444 | PubMed Abstract | CrossRef Full Text | Google Scholar
McEwen, B. S. | 1998 | Stress, adaptation, and disease. allostasis and allostatic load. Ann. N.Y. Acad. Sci. 840, 33–44. | doi: 10.1111/j.1749-6632.1998.tb09546.x | PubMed Abstract | CrossRef Full Text | Google Scholar
McLaughlin, K. A., and Levin, M. | 2018 | Bioelectric signaling in regeneration: mechanisms of ionic controls of growth and form. Dev. Biol. 433, 177–189. | doi: 10.1016/j.ydbio.2017.08.032 | PubMed Abstract | CrossRef Full Text | Google Scholar
McNamara, H. M., Salegame, R., Tanoury, Z. A., Xu, H., Begum, S., Ortiz, G., et al. | 2020 | Bioelectrical domain walls in homogeneous tissues. Nat. Phys. 16, 357–364. | doi: 10.1038/s41567-019-0765-4 | PubMed Abstract | CrossRef Full Text | Google Scholar
McNamara, H. M., Salegame, R., Tanoury, Z. A., Xu, H., Begum, S., Ortiz, G., et al. | 2019 | Bioelectrical signaling via domain wall migration. bioRxiv [Preprint] 570440. | doi: 10.1101/570440 | CrossRef Full Text | Google Scholar
McNamara, H. M., Zhang, H., Werley, C. A., and Cohen, A. E. | 2016 | Optically controlled oscillators in an engineered bioelectric tissue. Phys. Rev. X 6:031001. | Google Scholar
McShea, D. W. | 2012 | Upper-directed systems: a new approach to teleology in biology. Biol. Philos. 27, 663–684. | doi: 10.1007/s10539-012-9326-2 | CrossRef Full Text | Google Scholar
McShea, D. W. | 2013 | Machine wanting. Stud. Hist. Philos. Biol. Biomed. Sci. 44(4 Pt. B), 679–687. | doi: 10.1016/j.shpsc.2013.05.015 | PubMed Abstract | CrossRef Full Text | Google Scholar
McShea, D. W. | 2016 | Freedom and purpose in biology. Stud. Hist. Philos. Biol. Biomed. Sci. 58, 64–72. | doi: 10.1016/j.shpsc.2015.12.002 | PubMed Abstract | CrossRef Full Text | Google Scholar
Mehrali, M., Bagherifard, S., Akbari, M., Thakur, A., Mirani, B., Mehrali, M., et al. | 2018 | Blending electronics with the human body: a pathway toward a cybernetic future. Adv. Sci. 5:1700931. | doi: 10.1002/advs.201700931 | PubMed Abstract | CrossRef Full Text | Google Scholar
Melo, D., Porto, A., Cheverud, J. M., and Marroig, G. | 2016 | Modularity: genes, development and evolution. Annu. Rev. Ecol. Evol. Syst. 47, 463–486. | doi: 10.1146/annurev-ecolsys-121415-032409 | PubMed Abstract | CrossRef Full Text | Google Scholar
Merritt, T., Hamidi, F., Alistar, M., and DeMenezes, M. | 2020 | Living media interfaces: a multi-perspective analysis of biological materials for interaction. Digit Creat. 31, 1–21. | doi: 10.1080/14626268.2019.1707231 | CrossRef Full Text | Google Scholar
Michod, R. E., and Nedelcu, A. M. | 2003 | On the reorganization of fitness during evolutionary transitions in individuality. Integr. Comp. Biol. 43, 64–73. | doi: 10.1093/icb/43.1.64 | PubMed Abstract | CrossRef Full Text | Google Scholar
Mikhalevich, I., and Powell, R. (eds) | 2020 | Minds without spines: evolutionarily inclusive animal ethics. Anim. Sentience 29:2020. | Google Scholar
Miller, S. D., and Triggiano, P. J. | 1992 | The psychophysiological investigation of multiple personality disorder: review and update. Am. J. Clin. Hypn. 35, 47–61. | doi: 10.1080/00029157.1992.10402982 | PubMed Abstract | CrossRef Full Text | Google Scholar
Montgomery, B. A. | 2003 | Consciousness and Personhood in Split-Brain Patients: Dissertation. Oklahoma: The University of Oklahoma, 1–231. | Google Scholar
Moran, Y., Barzilai, M. G., Liebeskind, B. J., and Zakon, H. H. | 2015 | Evolution of voltage-gated ion channels at the emergence of Metazoa. J. Exp. Biol. 218(Pt. 4), 515–525. | doi: 10.1242/jeb.110270 | PubMed Abstract | CrossRef Full Text | Google Scholar
Morgan, C. L. | 1903 | “Other minds than ours,” in An Introduction to Comparative Psychology, ed. W. Scott (London: Walter Scott Publishing), 36–59. | Google Scholar
Morgan, T. H. | 1904 | The control of heteromorphosis in Planaria maculata. Arch. Für Entw. Mech. 17, 683–694. | Google Scholar
Muller, F. J., and Schuppert, A. | 2011 | Few inputs can reprogram biological networks. Nature 478, E4;discussion E4–5. | doi: 10.1038/nature10543 | PubMed Abstract | CrossRef Full Text | Google Scholar
Nagel, E. | 1979 | Teleology Revisited and Other Essays in the Philosophy and History of Science. New York, NY: Columbia University Press, 352. | Google Scholar
Nagel, T. | 1971 | Brain bisection and the unity of consciousness. Synthese 22, 396–413. | Google Scholar
Nagel, T. | 1974 | What is it like to be a bat? Philos. Rev. 83, 435–450. | doi: 10.1111/1468-5930.00141 | PubMed Abstract | CrossRef Full Text | Google Scholar
Nasuto, S. J., and Hayashi, Y. | 2016 | Anticipation: beyond synthetic biology and cognitive robotics. Biosystems 148, 22–31. | doi: 10.1016/j.biosystems.2016.07.011 | PubMed Abstract | CrossRef Full Text | Google Scholar
Nicolis, S. C., Zabzina, N., Latty, T., and Sumpter, D. J. | 2011 | Collective irrationality and positive feedback. PLoS One 6:e18901. | doi: 10.1371/journal.pone.0018901 | PubMed Abstract | CrossRef Full Text | Google Scholar
Noble, D. | 2010 | Biophysics and systems biology. Philos. Trans. A Math. Phys. Eng. Sci. 368, 1125–1139. | doi: 10.1098/rsta.2009.0245 | PubMed Abstract | CrossRef Full Text | Google Scholar
Noble, D. | 2011 | The aims of systems biology: between molecules and organisms. Pharmacopsychiatry 44, (Suppl. 1), S9–S14. | doi: 10.1055/s-0031-1271703 | PubMed Abstract | CrossRef Full Text | Google Scholar
Noble, D. | 2012 | A theory of biological relativity: no privileged level of causation. Interface Focus 2, 55–64. | doi: 10.1098/Rsfs.2011.0067 | PubMed Abstract | CrossRef Full Text | Google Scholar
Nogi, T., and Levin, M. | 2005 | Characterization of innexin gene expression and functional roles of gap-junctional communication in planarian regeneration. Dev. Biol. 287, 314–335. | doi: 10.1016/j.ydbio.2005.09.002 | PubMed Abstract | CrossRef Full Text | Google Scholar
Norman, T. M., Lord, N. D., Paulsson, J., and Losick, R. | 2013 | Memory and modularity in cell-fate decision making. Nature 503, 481–486. | doi: 10.1038/nature12804 | PubMed Abstract | CrossRef Full Text | Google Scholar
Ogborn, J., Hanc, J., and Taylor, E. (eds) | 2006 | “Action on stage: historical introduction,” in Proceedings of the GIREP Conference, Modeling in Physics and Physics Education, (Amsterdam: AMSTEL Institute). | Google Scholar
Orive, G., Taebnia, N., and Dolatshahi-Pirouz, A. A. | 2020 | New era for cyborg science is emerging: the promise of cyborganic beings. Adv. Healthc. Mater. 9:e1901023. | doi: 10.1002/adhm.201901023 | PubMed Abstract | CrossRef Full Text | Google Scholar
Otopalik, A. G., Sutton, A. C., Banghart, M., and Marder, E. | 2017 | When complex neuronal structures may not matter. Elife 6:e23508. | doi: 10.7554/eLife.23508 | PubMed Abstract | CrossRef Full Text | Google Scholar
Oudeyer, P. Y., and Kaplan, F. | 2007 | What is intrinsic motivation? A typology of computational approaches. Front. Neurorobot. 1:6. | doi: 10.3389/neuro.12.006.2007 | PubMed Abstract | CrossRef Full Text | Google Scholar
Oudeyer, P.-Y., and Kaplan, F. | 2013 | How Can We Define Intrinsic Motivation. Available online at: http://www.pyoudeyer.com/epirob08OudeyerKaplan.pdf | Google Scholar
Oviedo, N. J., Morokuma, J., Walentek, P., Kema, I. P., Gu, M. B., Ahn, J. M., et al. | 2010 | Long-range neural and gap junction protein-mediated cues control polarity during planarian regeneration. Dev. Biol. 339, 188–199. | doi: 10.1016/j.ydbio.2009.12.012 | PubMed Abstract | CrossRef Full Text | Google Scholar
Pacheco, J. M., Santos, F. C., and Dingli, D. | 2014 | The ecology of cancer from an evolutionary game theory perspective. Interface Focus 4:20140019. | doi: 10.1098/rsfs.2014.0019 | PubMed Abstract | CrossRef Full Text | Google Scholar
Pai, V. P., Aw, S., Shomrat, T., Lemire, J. M., and Levin, M. | 2012 | Transmembrane voltage potential controls embryonic eye patterning in Xenopus laevis. Development 139, 313–323. | doi: 10.1242/dev.073759 | PubMed Abstract | CrossRef Full Text | Google Scholar
Pai, V. P., Cervera, J., Mafe, S., Willocq, V., Lederer, E. K., and Levin, M. | 2020 | HCN2 channel-induced rescue of brain teratogenesis via local and long-range bioelectric repair. Front. Cell Neurosci. 14:136. | doi: 10.3389/fncel.2020.00136 | PubMed Abstract | CrossRef Full Text | Google Scholar
Pai, V. P., Pietak, A., Willocq, V., Ye, B., Shi, N. Q., and Levin, M. | 2018 | HCN2 rescues brain defects by enforcing endogenous voltage pre-patterns. Nat. Commun. 9:998. | doi: 10.1038/s41467-018-03334-5 | PubMed Abstract | CrossRef Full Text | Google Scholar
Pai, V. P., Willocq, V., Pitcairn, E. J., Lemire, J. M., Pare, J. F., Shi, N. Q., et al. | 2017 | HCN4 ion channel function is required for early events that regulate anatomical left-right patterning in a nodal and lefty asymmetric gene expression-independent manner. Biol. Open 6, 1445–1457. | doi: 10.1242/bio.025957 | PubMed Abstract | CrossRef Full Text | Google Scholar
Peters, A., McEwen, B. S., and Friston, K. | 2017 | Uncertainty and stress: why it causes diseases and how it is mastered by the brain. Prog. Neurobiol. 156, 164–188. | doi: 10.1016/j.pneurobio.2017.05.004 | PubMed Abstract | CrossRef Full Text | Google Scholar
Pezzulo, G., and Levin, M. | 2015 | Re-membering the body: applications of computational neuroscience to the top-down control of regeneration of limbs and other complex organs. Integr. Biol. 7, 1487–1517. | doi: 10.1039/c5ib00221d | PubMed Abstract | CrossRef Full Text | Google Scholar
Pezzulo, G., and Levin, M. | 2016 | Top-down models in biology: explanation and control of complex living systems above the molecular level. J. R. Soc. Interface 13:20160555. | doi: 10.1098/rsif.2016.0555 | PubMed Abstract | CrossRef Full Text | Google Scholar
Pezzulo, G., Lapalme, J., Durant, F., and Levin, M. | 2021 | Bistability of somatic pattern memories: stochastic outcomes in bioelectric circuits underlying regeneration. Philos. Proc. R. Soc. B 376:20190765. | doi: 10.1098/rstb.2019.0765 | PubMed Abstract | CrossRef Full Text | Google Scholar
Pietak, A., and Levin, M. | 2017 | Bioelectric gene and reaction networks: computational modelling of genetic, biochemical and bioelectrical dynamics in pattern regulation. J. R. Soc. Interface 14:20170425. | doi: 10.1098/rsif.2017.0425 | PubMed Abstract | CrossRef Full Text | Google Scholar
Pietak, A., and Levin, M. | 2018 | Bioelectrical control of positional information in development and regeneration: a review of conceptual and computational advances. Prog. Biophys. Mol. Biol. 137, 52–68. | doi: 10.1016/j.pbiomolbio.2018.03.008 | PubMed Abstract | CrossRef Full Text | Google Scholar
Pietsch, P., and Schneider, C. W. | 1969 | Brain transplantation in salamanders - an approach to memory transfer. Brain Res. 14, 707–715. | doi: 10.1016/0006-8993(69)90210-8 | PubMed Abstract | CrossRef Full Text | Google Scholar
Pinet, K., Deolankar, M., Leung, B., and McLaughlin, K. A. | 2019 | Adaptive correction of craniofacial defects in pre-metamorphic Xenopus laevis tadpoles involves thyroid hormone-independent tissue remodeling. Development 146:dev175893. | doi: 10.1242/dev.175893 | PubMed Abstract | CrossRef Full Text | Google Scholar
Pio-Lopez, L. | 2021 | The rise of the biocyborg: synthetic biology, artificial chimerism and human enhancement. N. Genet. Soc. 40, 599–619. | doi: 10.1080/14636778.2021.2007064 | CrossRef Full Text | Google Scholar
Pitcairn, E., Harris, H., Epiney, J., Pai, V. P., Lemire, J. M., Ye, B., et al. | 2017 | Coordinating heart morphogenesis: a novel role for Hyperpolarization-activated cyclic nucleotide-gated (HCN) channels during cardiogenesis in Xenopus laevis. Commun. Integr. Biol. 10:e1309488. | doi: 10.1080/19420889.2017.1309488 | PubMed Abstract | CrossRef Full Text | Google Scholar
Pittendrigh, C. S. | 1958 | “Adaptation, natural selection, and behavior,” in Behavior and Evolution, eds A. Roe and G. G. Simpson (New Haven, CT: Yale University Press), 390–416. | Google Scholar
Posfai, M., Gao, J., Cornelius, S. P., Barabasi, A. L., and D’Souza, R. M. | 2016 | Controllability of multiplex, multi-time-scale networks. Phys. Rev. E 94:032316. | doi: 10.1103/PhysRevE.94.032316 | PubMed Abstract | CrossRef Full Text | Google Scholar
Potter, S. M., Wagenaar, D. A., and DeMarse, T. B. (eds) | 2005 | “Closing the loop: stimulation feedback systems for embodied MEA cultures,” in Advances in Network Electrophysiology Using Multi-Electrode Arrays, eds M. Taketani and M. Baudry (New York, NY: Springer). | doi: 10.3389/neuro.12.005.2007 | PubMed Abstract | CrossRef Full Text | Google Scholar
Potter, S. M., Wagenaar, D. A., Madhavan, R., and DeMarse, T. B. | 2003 | “Long-term bidirectional neuron interfaces for robotic control, and in vitro learning studies,” in Annual International Conference of the IEEE Engineering in Medicine and Biology Society, Vol. 25, (Piscataway, NJ: IEEE), 3690–3693. | doi: 10.1109/Iembs.2003.1280959 | CrossRef Full Text | Google Scholar
Power, D. A., Watson, R. A., Szathmary, E., Mills, R., Powers, S. T., Doncaster, C. P., et al. | 2015 | What can ecosystems learn? Expanding evolutionary ecology with learning theory. Biol. Direct. 10:69. | doi: 10.1186/s13062-015-0094-1 | PubMed Abstract | CrossRef Full Text | Google Scholar
Prakash, C., Fields, C., Hoffman, D. D., Prentner, R., and Singh, M. | 2020 | Fact, fiction, and fitness. Entropy 22:514. | doi: 10.3390/e22050514 | PubMed Abstract | CrossRef Full Text | Google Scholar
Prentner, R. | 2019 | Consciousness and topologically structured phenomenal spaces. Conscious. Cogn. 70, 25–38. | doi: 10.1016/j.concog.2019.02.002 | PubMed Abstract | CrossRef Full Text | Google Scholar
Prindle, A., Liu, J., Asally, M., Ly, S., Garcia-Ojalvo, J., and Suel, G. M. | 2015 | Ion channels enable electrical communication in bacterial communities. Nature 527, 59–63. | doi: 10.1038/nature15709 | PubMed Abstract | CrossRef Full Text | Google Scholar
Prinz, A. A., Bucher, D., and Marder, E. | 2004 | Similar network activity from disparate circuit parameters. Nat. Neurosci. 7, 1345–1352. | doi: 10.1038/nn1352 | PubMed Abstract | CrossRef Full Text | Google Scholar
Ptito, M., Moesgaard, S. M., Gjedde, A., and Kupers, R. | 2005 | Cross-modal plasticity revealed by electrotactile stimulation of the tongue in the congenitally blind. Brain 128(Pt. 3), 606–614. | doi: 10.1093/brain/awh380 | PubMed Abstract | CrossRef Full Text | Google Scholar
Qadri, M. A., and Cook, R. G. | 2017 | Pigeons and humans use action and pose information to categorize complex human behaviors. Vision Res. 131, 16–25. | doi: 10.1016/j.visres.2016.09.011 | PubMed Abstract | CrossRef Full Text | Google Scholar
Queller, D. C., and Strassmann, J. E. | 2009 | Beyond society: the evolution of organismality. Philos Trans R Soc Lond B Biol Sci 364, 3143–3155. | doi: 10.1098/rstb.2009.0095 | PubMed Abstract | CrossRef Full Text | Google Scholar
Rabinovich, M. I., Huerta, R., Varona, P., and Afraimovich, V. S. | 2008 | Transient cognitive dynamics, metastability, and decision making. PLoS Comput. Biol. 4:e1000072. | doi: 10.1371/journal.pcbi.1000072 | PubMed Abstract | CrossRef Full Text | Google Scholar
Raby, C. R., and Clayton, N. S. | 2009 | Prospective cognition in animals. Behav. Process. 80, 314–324. | doi: 10.1016/j.beproc.2008.12.005 | PubMed Abstract | CrossRef Full Text | Google Scholar
Raible, D. W., and Ragland, J. W. | 2005 | Reiterated Wnt and BMP signals in neural crest development. Semin. Cell Dev. Biol. 16, 673–682. | doi: 10.1016/j.semcdb.2005.06.008 | PubMed Abstract | CrossRef Full Text | Google Scholar
Ramstead, M. J. D., Constant, A., Badcock, P. B., and Friston, K. J. | 2019 | Variational ecology and the physics of sentient systems. Phys. Life Rev. 31, 188–205. | doi: 10.1016/j.plrev.2018.12.002 | PubMed Abstract | CrossRef Full Text | Google Scholar
Ray, S. | 1999 | Survival of olfactory memory through metamorphosis in the fly Musca domestica. Neurosci. Lett. 259, 37–40. | doi: 10.1016/s0304-3940(98)00892-1 | PubMed Abstract | CrossRef Full Text | Google Scholar
Reber, A. S., and Baluska, F. | 2021 | Cognition in some surprising places. Biochem. Biophys. Res. Commun. 564, 150–157. | doi: 10.1016/j.bbrc.2020.08.115 | PubMed Abstract | CrossRef Full Text | Google Scholar
Reger, B. D., Fleming, K. M., Sanguineti, V., Alford, S., and Mussa-Ivaldi, F. A. | 2000 | Connecting brains to robots: an artificial body for studying the computational properties of neural tissues. Artif. Life 6, 307–324. | doi: 10.1162/106454600300103656 | PubMed Abstract | CrossRef Full Text | Google Scholar
Reid, C. R., Beekman, M., Latty, T., and Dussutour, A. | 2013 | Amoeboid organism uses extracellular secretions to make smart foraging decisions. Behav. Ecol. 24, 812–818. | doi: 10.1093/beheco/art032 | CrossRef Full Text | Google Scholar
Reid, C. R., Latty, T., Dussutour, A., and Beekman, M. | 2012 | Slime mold uses an externalized spatial “memory” to navigate in complex environments. Proce. Natl. Acad. Sci. U.S.A. 109, 17490–17494. | doi: 10.1073/pnas.1215037109 | PubMed Abstract | CrossRef Full Text | Google Scholar
Reinders, A. A. T. S., Chalavi, S., Schlumpf, Y. R., Vissia, E. M., Nijenhuis, E. R. S., Jäncke, L., et al. | 2018 | Neurodevelopmental origins of abnormal cortical morphology in dissociative identity disorder. Acta Psychiatr. Scand. 137, 157–170. | doi: 10.1111/acps.12839 | PubMed Abstract | CrossRef Full Text | Google Scholar
Reinders, A. A. T. S., Marquand, A. F., Schlumpf, Y. R., Chalavi, S., Vissia, E. M., Nijenhuis, E. R. S., et al. | 2019 | Aiding the diagnosis of dissociative identity disorder: pattern recognition study of brain biomarkers. Br. J. Psychiatry 215, 536–544. | doi: 10.1192/bjp.2018.255 | PubMed Abstract | CrossRef Full Text | Google Scholar
Ricotti, L., Trimmer, B., Feinberg, A. W., Raman, R., Parker, K. K., Bashir, R., et al. | 2017 | Biohybrid actuators for robotics: A review of devices actuated by living cells. Sci Robot. 2:eaaq0495. | doi: 10.1126/scirobotics.aaq0495 | PubMed Abstract | CrossRef Full Text | Google Scholar
Robinson, G. E., and Barron, A. B. | 2017 | Epigenetics and the evolution of instincts. Science 356, 26–27. | doi: 10.1126/science.aam6142 | PubMed Abstract | CrossRef Full Text | Google Scholar
Robinson, K. R., and Messerli, M. A. | 1996 | “Electric embryos: the embryonic epithelium as a generator of developmental information,” in Nerve Growth and Guidance, ed. C. D. McCaig (London: Portland Press), 131–150. | Google Scholar
Rolston, J. D., Gross, R. E., and Potter, S. M. | 2009a | A low-cost multielectrode system for data acquisition enabling real-time closed-loop processing with rapid recovery from stimulation artifacts. Front. Neuroeng. 2:12. | doi: 10.3389/neuro.16.012.2009 | PubMed Abstract | CrossRef Full Text | Google Scholar
Rolston, J. D., Gross, R. E., and Potter, S. M. | 2009b | “NeuroRighter: closed-loop multielectrode stimulation and recording for freely moving animals and cell cultures,” in Proceedings of the Annual International Conference of the IEEE Engineering in Medicine and Biology Society IEEE Engineering in Medicine and Biology Society Conference, Vol. 2009, (Minneapolis, MN), 6489–6492. | doi: 10.1109/IEMBS.2009.5333589. | PubMed Abstract | CrossRef Full Text | Google Scholar
Rosen, R. | 1973 | Dynamical realization of (M,R)-Systems. Bull. Math. Biol. 35, 1–9. | doi: 10.1007/BF02558788 | PubMed Abstract | CrossRef Full Text | Google Scholar
Rosen, R. | 1979 | Anticipatory systems in retrospect and prospect. Gen. Syst. 24, 11–23. | Google Scholar
Rosen, R. | 1985 | Anticipatory Systems : Philosophical, Mathematical, and Methodological Foundations, 1st Edn. New York, NY: Pergamon Press, 436. | Google Scholar
Rosenblueth, A., Wiener, N., and Bigelow, J. | 1943 | Behavior, purpose, and teleology. Philos. Sci. 10, 18–24. | Google Scholar
Rosser, A., and Svendsen, C. N. | 2014 | Stem cells for cell replacement therapy: a therapeutic strategy for HD? Mov. Disord. 29, 1446–1454. | doi: 10.1002/mds.26026 | PubMed Abstract | CrossRef Full Text | Google Scholar
Ruud, G. | 1929 | Heteronom-orthotopische transplantationen von extremitätenanlagen bei axolotlembryonen. Wilhelm. Roux Arch. Entwickl. Mech. Org. 118, 308–351. | Google Scholar
Sadoc, J. F., and Mosseri, R. | 2007 | Geometrical Frustration. Cambridge, MA: Cambridge University Press. | Google Scholar
Saha, D., Mehta, D., Altan, E., Chandak, R., Traner, M., Lo, R., et al. | 2020 | Explosive sensing with insect-based biorobots. Biosens. Bioelectronics: X 6:100050. | doi: 10.1016/j.biosx.2020.100050 | CrossRef Full Text | Google Scholar
Saniova, B., Drobny, M., and Sulaj, M. | 2009 | Delirium and postoperative cognitive dysfunction after general anesthesia. Med. Sci. Monit. 15, CS81–CS87. | PubMed Abstract | Google Scholar
Śāntideva Bstan ’dzin rgya m, and Comité de traduction Padmakara | 2006 | The Way of the Bodhisattva : a Translation of the Bodhicharyāvatāra, 2nd Edn. Boston, MA: Shambhala, 222. Distributed in the United States by Random House. | Google Scholar
Sasaki, T., and Biro, D. | 2017 | Cumulative culture can emerge from collective intelligence in animal groups. Nat. Commun. 8:15049. | doi: 10.1038/ncomms15049 | PubMed Abstract | CrossRef Full Text | Google Scholar
Schlosser, G. | 1998 | Self-re-production and functionality - A systems-theoretical approach to teleological explanation. Synthese 116, 303–354. | doi: 10.1023/A:1005073307193 | CrossRef Full Text | Google Scholar
Schlosser, G., and Wagner, G. P. | 2004 | Modularity in Development and Evolution. Chicago, IL: University of Chicago Press, 600. | Google Scholar
Schreier, H. I., Soen, Y., and Brenner, N. | 2017 | Exploratory adaptation in large random networks. Nat. Commun. 8:14826. | doi: 10.1038/ncomms14826 | PubMed Abstract | CrossRef Full Text | Google Scholar
Schulkin, J., and Sterling, P. | 2019 | Allostasis: a brain-centered, predictive mode of physiological regulation. Trends Neurosci. 42, 740–752. | doi: 10.1016/j.tins.2019.07.010 | PubMed Abstract | CrossRef Full Text | Google Scholar
Schwitzgebel, E. | 2015 | If materialism is true, the United States is probably conscious. Philos. Stud. 172, 1697–1721. | doi: 10.1007/s11098-014-0387-8 | CrossRef Full Text | Google Scholar
Serre, N. B. C., Kralik, D., Yun, P., Slouka, Z., Shabala, S., and Fendrych, M. | 2021 | AFB1 controls rapid auxin signalling through membrane depolarization in Arabidopsis thaliana root. Nat. Plants 7, 1229–1238. | doi: 10.1038/s41477-021-00969-z | PubMed Abstract | CrossRef Full Text | Google Scholar
Sheiman, I. M., and Tiras, K. L. | 1996 | “Memory and morphogenesis in planaria and beetle,” in Russian Contributions to Invertebrate Behavior, eds C. I. Abramson, Z. P. Shuranova, and Y. M. Burmistrov (Westport, CT: Praeger), 43–76. | Google Scholar
Shimbo, K., Brassard, D. L., Lamb, R. A., and Pinto, L. H. | 1996 | Ion selectivity and activation of the M2 ion channel of influenza virus. Biophys. J. 70, 1335–1346. | doi: 10.1016/S0006-3495(96)79690-X | PubMed Abstract | CrossRef Full Text | Google Scholar
Shoemaker, S. S. | 1959 | Personal identity and memory. J. Philosophy 56, 868–882. | doi: 10.2307/2022317 | CrossRef Full Text | Google Scholar
Shomrat, T., and Levin, M. | 2013 | An automated training paradigm reveals long-term memory in planarians and its persistence through head regeneration. J. Exp. Biol. 216(Pt. 20), 3799–3810. | doi: 10.1242/jeb.087809 | PubMed Abstract | CrossRef Full Text | Google Scholar
Sims, M. | 2020 | How to count biological minds: symbiosis, the free energy principle, and reciprocal multiscale integration. Synthese 199, 2157–2179. | doi: 10.1007/s11229-020-02876-w | CrossRef Full Text | Google Scholar
Smith, B. P., and Litchfield, C. A. | 2010 | How well do dingoes, Canis dingo, perform on the detour task? Anim. Behav. 80, 155–162. | doi: 10.1016/j.anbehav.2010.04.017 | CrossRef Full Text | Google Scholar
Soen, Y., Knafo, M., and Elgart, M. | 2015 | A principle of organization which facilitates broad Lamarckian-like adaptations by improvisation. Biol. Direct. 10:68. | doi: 10.1186/s13062-015-0097-y | PubMed Abstract | CrossRef Full Text | Google Scholar
Sole, R., Moses, M., and Forrest, S. | 2019 | Liquid brains, solid brains. Philos. Trans. R. Soc. Lond. B Biol. Sci. 374:20190040. | doi: 10.1098/rstb.2019.0040 | PubMed Abstract | CrossRef Full Text | Google Scholar
Sordillo, A., and Bargmann, C. I. | 2021 | Behavioral control by depolarized and hyperpolarized states of an integrating neuron. Elife 10:e67723. | doi: 10.7554/eLife.67723 | PubMed Abstract | CrossRef Full Text | Google Scholar
Spemann, H. | 1967 | Embryonic Development and Induction. New Haven, CT: Yale University Press. | Google Scholar
Spencer, G. J., and Genever, P. G. | 2003 | Long-term potentiation in bone–a role for glutamate in strain-induced cellular memory? BMC Cell Biol. 4:9. | doi: 10.1186/1471-2121-4-9 | PubMed Abstract | CrossRef Full Text | Google Scholar
Srivastava, P., Kane, A., Harrison, C., and Levin, M. A. | 2020 | Meta-analysis of bioelectric data in cancer, embryogenesis, and regeneration. Bioelectricity 3, 42–67. | doi: 10.1089/bioe.2019.0034 | PubMed Abstract | CrossRef Full Text | Google Scholar
Stockwell, S. R., Landry, C. R., and Rifkin, S. A. | 2015 | The yeast galactose network as a quantitative model for cellular memory. Mol. Biosyst. 11, 28–37. | doi: 10.1039/c4mb00448e | PubMed Abstract | CrossRef Full Text | Google Scholar
Stratford, J. P., Edwards, C. L. A., Ghanshyam, M. J., Malyshev, D., Delise, M. A., Hayashi, Y., et al. | 2019 | Electrically induced bacterial membrane-potential dynamics correspond to cellular proliferation capacity. Proc. Natl. Acad. Sci. U.S.A. 116, 9552–9557. | doi: 10.1073/pnas.1901788116 | PubMed Abstract | CrossRef Full Text | Google Scholar
Sullivan, K. G., Emmons-Bell, M., and Levin, M. | 2016 | Physiological inputs regulate species-specific anatomy during embryogenesis and regeneration. Commun. Integr. Biol. 9:e1192733. | doi: 10.1080/19420889.2016.1192733 | PubMed Abstract | CrossRef Full Text | Google Scholar
Szilagyi, A., Szabo, P., Santos, M., and Szathmary, E. | 2020 | Phenotypes to remember: evolutionary developmental memory capacity and robustness. PLoS Comput. Biol. 16:e1008425. | doi: 10.1371/journal.pcbi.1008425 | PubMed Abstract | CrossRef Full Text | Google Scholar
Tamori, Y., and Deng, W. M. | 2014 | Compensatory cellular hypertrophy: the other strategy for tissue homeostasis. Trends Cell Biol. 24, 230–237. | doi: 10.1016/j.tcb.2013.10.005 | PubMed Abstract | CrossRef Full Text | Google Scholar
Tanna, T., and Sachan, V. | 2014 | Mesenchymal stem cells: potential in treatment of neurodegenerative diseases. Curr. Stem Cell Res. Ther. 9, 513–521. | doi: 10.2174/1574888x09666140923101110 | PubMed Abstract | CrossRef Full Text | Google Scholar
Taormina, R. J., and Gao, J. H. | 2013 | Maslow and the motivation hierarchy: measuring satisfaction of the needs. Am. J. Psychol. 126, 155–177. | doi: 10.5406/amerjpsyc.126.2.0155 | PubMed Abstract | CrossRef Full Text | Google Scholar
Thierry, B., Theraulaz, G., Gautier, J. Y., and Stiegler, B. | 1995 | Joint memory. Behav. Process. 35, 127–140. | doi: 10.1016/0376-6357(95)00039-9 | CrossRef Full Text | Google Scholar
Thornton, C. | 2017 | Predictive processing simplified: the infotropic machine. Brain Cogn. 112, 13–24. | doi: 10.1016/j.bandc.2016.03.004 | PubMed Abstract | CrossRef Full Text | Google Scholar
Timsit, Y., and Gregoire, S. P. | 2021 | Towards the idea of molecular brains. Int. J. Mol. Sci. 22:11868. | doi: 10.3390/ijms222111868 | PubMed Abstract | CrossRef Full Text | Google Scholar
Trewavas, A. J., and Baluska, F. | 2011 | The ubiquity of consciousness. EMBO Rep. 12, 1221–1225. | doi: 10.1038/embor.2011.218 | PubMed Abstract | CrossRef Full Text | Google Scholar
Tseng, A. S., Beane, W. S., Lemire, J. M., Masi, A., and Levin, M. | 2010 | Induction of vertebrate regeneration by a transient sodium current. J. Neurosci. 30, 13192–13200. | doi: 10.1523/JNEUROSCI.3315-10.2010 | PubMed Abstract | CrossRef Full Text | Google Scholar
Tseng, A., and Levin, M. | 2013 | Cracking the bioelectric code: Probing endogenous ionic controls of pattern formation. Commun. Integr. Biol. 6:e22595. | doi: 10.4161/cib.22595 | PubMed Abstract | CrossRef Full Text | Google Scholar
Tsuda, S., Artmann, S., and Zauner, K.-P. | 2009 | “The phi-bot: a robot controlled by a slime mould,” in Artificial Life Models in Hardware, eds A. Adamatzky and M. Komosinski (London: Springer), 213–232. | Google Scholar
Tully, T., Cambiazo, V., and Kruse, L. | 1994 | Memory through metamorphosis in normal and mutant Drosophila. J. Neurosci. 14, 68–74. | doi: 10.1523/JNEUROSCI.14-01-00068.1994 | PubMed Abstract | CrossRef Full Text | Google Scholar
Turner, C. H., Robling, A. G., Duncan, R. L., and Burr, D. B. | 2002 | Do bone cells behave like a neuronal network? Calcif. Tissue Int. 70, 435–442. | doi: 10.1007/s00223-001-1024-z | PubMed Abstract | CrossRef Full Text | Google Scholar
Turner, J. S. | 2000 | The Extended Organism : The Physiology of Animal-Built Structures. Cambridge, MA: Harvard University Press, 235. | Google Scholar
Turner, J. S. | 2019 | Homeostasis as a fundamental principle for a coherent theory of brains. Philos. Trans. R. Soc. Lond. B Biol. Sci. 374:20180373. | doi: 10.1098/rstb.2018.0373 | PubMed Abstract | CrossRef Full Text | Google Scholar
Tweedy, L., and Insall, R. H. | 2020 | Self-generated gradients yield exceptionally robust steering cues. Front. Cell Dev. Biol. 8:133. | doi: 10.3389/fcell.2020.00133 | PubMed Abstract | CrossRef Full Text | Google Scholar
Tweedy, L., Thomason, P. A., Paschke, P. I., Martin, K., Machesky, L. M., Zagnoni, M., et al. | 2020 | Seeing around corners: cells solve mazes and respond at a distance using attractant breakdown. Science 369:eaay9792. | doi: 10.1126/science.aay9792 | PubMed Abstract | CrossRef Full Text | Google Scholar
Urrios, A., Macia, J., Manzoni, R., Conde, N., Bonforti, A., de Nadal, E., et al. | 2016 | A synthetic multicellular memory device. ACS Synth. Biol. 5, 862–873. | doi: 10.1021/acssynbio.5b00252 | PubMed Abstract | CrossRef Full Text | Google Scholar
Valentini, G., Moore, D. G., Hanson, J. R., Pavlic, T. P., Pratt, S. C., and Walker, S. I. | 2018 | “Transfer of information in collective decisions by artificial agents,” in Proceedings of the the 2018 Conference on Artificial life: A Hybrid of the European Conference on Artificial life (ECAL) and the International Conference on the Synthesis and Simulation of Living Systems (ALIFE), (Cambridge, MA: MIT Press), 641–648. | doi: 10.1371/journal.pone.0168876 | PubMed Abstract | CrossRef Full Text | Google Scholar
Van Baalen, M. | 2013 | “The unit of adaptation, the emergence of individuality, and the loss of sovereignty,” in Vienna Ser Theor Bio, ed. F. B. A. P. Huneman (Cambridge, MA: MIT Press), 117–140. | Google Scholar
Vandenberg, L. N., Adams, D. S., and Levin, M. | 2012 | Normalized shape and location of perturbed craniofacial structures in the Xenopus tadpole reveal an innate ability to achieve correct morphology. Dev. Dyn. 241, 863–878. | doi: 10.1002/dvdy.23770 | PubMed Abstract | CrossRef Full Text | Google Scholar
Vergassola, M., Villermaux, E., and Shraiman, B. I. | 2007 | ‘Infotaxis’ as a strategy for searching without gradients. Nature 445, 406–409. | doi: 10.1038/nature05464 | PubMed Abstract | CrossRef Full Text | Google Scholar
Versteeg, E. J., Fernandes, T., Guzzo, M. M., Laberge, F., Middel, T., Ridgway, M., et al. | 2021 | Seasonal variation of behavior and brain size in a freshwater fish. Ecol. Evol. 11, 14950–14959. | doi: 10.1002/ece3.8179 | PubMed Abstract | CrossRef Full Text | Google Scholar
Vetere, G., Tran, L. M., Moberg, S., Steadman, P. E., Restivo, L., Morrison, F. G., et al. | 2019 | Memory formation in the absence of experience. Nat. Neurosci. 22, 933–940. | doi: 10.1038/s41593-019-0389-0 | PubMed Abstract | CrossRef Full Text | Google Scholar
Vine, A. L., and Bertram, J. S. | 2002 | Cancer chemoprevention by connexins. Cancer Metastasis Rev. 21, 199–216. | doi: 10.1023/a:1021250624933 | PubMed Abstract | CrossRef Full Text | Google Scholar
Vladimirov, N., and Sourjik, V. | 2009 | Chemotaxis: how bacteria use memory. Biol. Chem. 390, 1097–1104. | doi: 10.1515/BC.2009.130 | PubMed Abstract | CrossRef Full Text | Google Scholar
Volkov, A. G., Toole, S., and WaMaina, M. | 2019 | Electrical signal transmission in the plant-wide web. Bioelectrochemistry 129, 70–78. | doi: 10.1016/j.bioelechem.2019.05.003 | PubMed Abstract | CrossRef Full Text | Google Scholar
von Dassow, G., and Munro, E. | 1999 | Modularity in animal development and evolution: elements of a conceptual framework for EvoDevo. J. Exp. Zool. 285, 307–325. | doi: 10.1002/(sici)1097-010x(19991215)285:4<307::aid-jez2>3.0.co;2-v | PubMed Abstract | CrossRef Full Text | Google Scholar
von der Ohe, C. G., Darian-Smith, C., Garner, C. C., and Heller, H. C. | 2006 | Ubiquitous and temperature-dependent neural plasticity in hibernators. J. Neurosci. 26, 10590–10598. | doi: 10.1523/JNEUROSCI.2874-06.2006 | PubMed Abstract | CrossRef Full Text | Google Scholar
Voskoboynik, A., Simon-Blecher, N., Soen, Y., Rinkevich, B., De Tomaso, A. W., Ishizuka, K. J., et al. | 2007 | Striving for normality: whole body regeneration through a series of abnormal generations. FASEB J. 21, 1335–1344. | doi: 10.1096/fj.06-7337com | PubMed Abstract | CrossRef Full Text | Google Scholar
Wagner, G. P., Pavlicev, M., and Cheverud, J. M. | 2007 | The road to modularity. Nat. Rev. Genet. 8, 921–931. | doi: 10.1038/nrg2267 | PubMed Abstract | CrossRef Full Text | Google Scholar
Wang, X., Veruki, M. L., Bukoreshtliev, N. V., Hartveit, E., and Gerdes, H. H. | 2010 | Animal cells connected by nanotubes can be electrically coupled through interposed gap-junction channels. Proc. Natl. Acad. Sci. U.S.A. 107, 17194–17199. | doi: 10.1073/pnas.1006785107 | PubMed Abstract | CrossRef Full Text | Google Scholar
Warwick, K., Nasuto, S. J., Becerra, V. M., and Whalley, B. J. | 1998 | “Experiments with an in-vitro robot brain,” in Computing with Instinct. LNAI 5897, ed. Y. Cai (Berlin: Springer). | Google Scholar
Watson, R. A., and Szathmary, E. | 2016 | How can evolution learn? Trends Ecol. Evol. 31, 147–157. | doi: 10.1016/j.tree.2015.11.009 | PubMed Abstract | CrossRef Full Text | Google Scholar
Watson, R. A., Buckley, C. L., Mills, R., and Davies, A. (eds) | 2010 | “Associative memory in gene regulation networks,” in Proceedings of the Artificial Life Conference XII, (Odense). | Google Scholar
Watson, R. A., Mills, R., Buckley, C. L., Kouvaris, K., Jackson, A., Powers, S. T., et al. | 2016 | Evolutionary connectionism: algorithmic principles underlying the evolution of biological organisation in evo-devo, evo-eco and evolutionary transitions. Evol. Biol. 43, 553–581. | doi: 10.1007/s11692-015-9358-z | PubMed Abstract | CrossRef Full Text | Google Scholar
Watson, R. A., Wagner, G. P., Pavlicev, M., Weinreich, D. M., and Mills, R. | 2014 | The evolution of phenotypic correlations and “developmental memory”. Evolution 68, 1124–1138. | doi: 10.1111/evo.12337 | PubMed Abstract | CrossRef Full Text | Google Scholar
Wentlandt, K., Samoilova, M., Carlen, P. L., and El Beheiry, H. | 2006 | General anesthetics inhibit gap junction communication in cultured organotypic hippocampal slices. Anesth. Analg. 102, 1692–1698. | doi: 10.1213/01.ane.0000202472.41103.78 | CrossRef Full Text | Google Scholar
West, S. A., Fisher, R. M., Gardner, A., and Kiers, E. T. | 2015 | Major evolutionary transitions in individuality. Proc. Natl. Acad. Sci. U.S.A. 112, 10112–10119. | doi: 10.1073/pnas.1421402112 | PubMed Abstract | CrossRef Full Text | Google Scholar
Williams, K., Bischof, J., Lee, F., Miller, K., LaPalme, J., Wolfe, B., et al. | 2020 | Regulation of axial and head patterning during planarian regeneration by a commensal bacterium. Mech. Dev. 163:103614. | doi: 10.1016/j.mod.2020.103614 | PubMed Abstract | CrossRef Full Text | Google Scholar
Wolfe, C. T. | 2008 | Introduction: vitalism without metaphysics? Medical vitalism in the enlightenment. Sci. Context 21, 461–463. | doi: 10.1017/s0269889708001919 | PubMed Abstract | CrossRef Full Text | Google Scholar
Xue, Y., and Acar, M. | 2018 | Mechanisms for the epigenetic inheritance of stress response in single cells. Curr. Genet. 64, 1221–1228. | doi: 10.1007/s00294-018-0849-1 | PubMed Abstract | CrossRef Full Text | Google Scholar
Yang, C. Y., Bialecka-Fornal, M., Weatherwax, C., Larkin, J. W., Prindle, A., Liu, J., et al. | 2020 | Encoding membrane-potential-based memory within a microbial community. Cell Syst. 10, 417–423.e3. | doi: 10.1016/j.cels.2020.04.002 | PubMed Abstract | CrossRef Full Text | Google Scholar
Yang, C., Tibbitt, M. W., Basta, L., and Anseth, K. S. | 2014 | Mechanical memory and dosing influence stem cell fate. Nat. Mater. 13, 645–652. | doi: 10.1038/nmat3889 | PubMed Abstract | CrossRef Full Text | Google Scholar
Zahn, N., Levin, M., and Adams, D. S. | 2017 | The Zahn drawings: new illustrations of Xenopus embryo and tadpole stages for studies of craniofacial development. Development 144, 2708–2713. | doi: 10.1242/dev.151308 | PubMed Abstract | CrossRef Full Text | Google Scholar
Zhao, J., Yu, H., Luo, J. H., Cao, Z. W., and Li, Y. X. | 2006 | Hierarchical modularity of nested bow-ties in metabolic networks. BMC Bioinformatics 7:386. | doi: 10.1186/1471-2105-7-386 | PubMed Abstract | CrossRef Full Text | Google Scholar
Zoghi, M. | 2004 | Cardiac memory: do the heart and the brain remember the same? J. Interv. Card Electrophysiol. 11, 177–182. | PubMed Abstract | Google Scholar
